indice_tiempo,rem_ipc_nac_var_mensual_t,rem_ipc_nac_var_mensual_t_1,rem_ipc_nac_var_mensual_t_2,rem_ipc_nac_var_mensual_t_3,rem_ipc_nac_var_mensual_t_4,rem_ipc_nac_var_mensual_t_5,rem_ipc_nac_var_mensual_t_6,rem_ipc_nac_var_ia_t_12,rem_ipc__nac_var_ia_t_24,rem_ipc_nac_var_ia_2016,rem_ipc_nac_var_ia_2017,rem_ipc_nac_var_ia_2018,rem_ipc_nac_var_ia_2019,rem_ipc_nac_var_ia_2020,rem_ipc_nac_var_ia_2021,rem_ipc_nac_var_ia_2022,rem_ipc_nac_var_ia_2023,rem_ipc_nac_var_ia_2024,rem_ipc_nac_var_ia_2025,rem_ipc_nac_var_ia_2026,rem_ipc_nac_var_ia_2027,rem_ipc_nac_nucleo_var_mensual_t,rem_ipc_nac_nucleo_var_mensual_t_1,rem_ipc_nac_nucleo_var_mensual_t_2,rem_ipc_nac_nucleo_var_mensual_t_3,rem_ipc_nac_nucleo_var_mensual_t_4,rem_ipc_nac_nucleo_var_mensual_t_5,rem_ipc_nac_nucleo_var_mensual_t_6,rem_ipc_nac_nucleo_var_ia_t_12,rem_ipc__nac_nucleo_var_ia_t_24,rem_ipc_nac_nucleo_var_ia_2017,rem_ipc_nac_nucleo_var_ia_2018,rem_ipc_nac_nucleo_var_ia_2019,rem_ipc_nac_nucleo_var_ia_2020,rem_ipc_nac_nucleo_var_ia_2021,rem_ipc_nac_nucleo_var_ia_2022,rem_ipc_nac_nucleo_var_ia_2023,rem_ipc_nac_nucleo_var_ia_2024,rem_ipc_nac_nucleo_var_ia_2025,rem_ipc_nac_nucleo_var_ia_2026,rem_ipc_nac_nucleo_var_ia_2027,rem_ipc_gba_var_mensual_t_1,rem_ipc_gba_var_mensual_t_2,rem_ipc_gba_var_mensual_t_3,rem_ipc_gba_var_mensual_t_4,rem_ipc_gba_var_mensual_t_5,rem_ipc_gba_var_mensual_t_6,rem_ipc_gba_var_ia_t_12,rem_ipc__gba_var_ia_t_24,rem_ipc_gba_var_ia_2016,rem_ipc_gba_var_ia_2017,rem_ipc_gba_var_ia_2018,rem_ipc_gba_var_ia_2019,rem_ipc_gba_nucleo_var_mensual_t_1,rem_ipc_gba_nucleo_var_mensual_t_2,rem_ipc_gba_nucleo_var_mensual_t_3,rem_ipc_gba_nucleo_var_mensual_t_4,rem_ipc_gba_nucleo_var_mensual_t_5,rem_ipc_gba_nucleo_var_mensual_t_6,rem_ipc_gba_nucleo_var_ia_t_12,rem_ipc__gba_nucleo_var_ia_t_24,rem_ipc_gba_nucleo_var_ia_2016,rem_ipc_gba_nucleo_var_ia_2017,rem_ipc_gba_nucleo_var_ia_2018,rem_ipc_gba_nucleo_var_ia_2019,rem_tasa_politica_var_mensual_t_1,rem_tasa_politica_var_mensual_t_2,rem_tasa_politica_var_mensual_t_3,rem_tasa_politica_var_mensual_t_4,rem_tasa_politica_var_mensual_t_5,rem_tasa_politica_var_mensual_t_6,rem_tasa_politica_var_ia_t_12,rem_tasa_politica_var_ia_2016,rem_tasa_politica_var_ia_2017,rem_tasa_politica_var_ia_2018,rem_tasa_politica_var_ia_2019,rem_tasa_politica_var_ia_2020,rem_tasa_politica_var_ia_2021,rem_tasa_politica_var_ia_2022,rem_tasa_politica_var_ia_2023,rem_tasa_politica_var_ia_2024,rem_tasa_politica_var_ia_2025,rem_tasa_politica_var_ia_2026,rem_tcn_var_mensual_t_1,rem_tcn_var_mensual_t_2,rem_tcn_var_mensual_t_3,rem_tcn_var_mensual_t_4,rem_tcn_var_mensual_t_5,rem_tcn_var_mensual_t_6,rem_tcn_var_ia_t_12,rem_tcn_var_ia_2016,rem_tcn_var_ia_2017,rem_tcn_var_ia_2018,rem_tcn_var_ia_2019,rem_tcn_var_ia_2020,rem_tcn_var_ia_2021,rem_tcn_var_ia_2022,rem_tcn_var_ia_2023,rem_tcn_var_ia_2024,rem_tcn_var_ia_2025,rem_tcn_var_ia_2026,rem_resultado_primario_spnf_var_ia_2016,rem_resultado_primario_spnf_var_ia_2017,rem_resultado_primario_spnf_var_ia_2018,rem_resultado_primario_spnf_var_ia_2019,rem_resultado_primario_spnf_var_ia_2020,rem_resultado_primario_spnf_var_ia_2021,rem_resultado_primario_spnf_var_ia_2022,rem_resultado_primario_spnf_var_ia_2023,rem_resultado_primario_spnf_var_ia_2024,rem_resultado_primario_spnf_var_ia_2025,rem_resultado_primario_spnf_var_ia_2026,rem_pib_var_trimestral_t_menos_1,rem_pib_var_trimestral_t,rem_pib_var_trimestral_t_1,rem_pib_var_trimestral_t_2,rem_pib_var_ia_2016,rem_pib_var_ia_2017,rem_pib_var_ia_2018,rem_pib_var_ia_2019,rem_pib_var_ia_2020,rem_pib_var_ia_2021,rem_pib_var_ia_2022,rem_pib_var_ia_2023,rem_pib_var_ia_2024,rem_pib_var_ia_2025,rem_pib_var_ia_2026,rem_pib_var_ia_2027,rem_expo_mensual_t,rem_expo_mensual_t_1,rem_expo_mensual_t_2,rem_expo_mensual_t_3,rem_expo_mensual_t_4,rem_expo_mensual_t_5,rem_expo_mensual_t_6,rem_expo_anual_2021,rem_expo_anual_2022,rem_expo_anual_2023,rem_expo_anual_2024,rem_expo_anual_2025,rem_impo_mensual_t,rem_impo_mensual_t_1,rem_impo_mensual_t_2,rem_impo_mensual_t_3,rem_impo_mensual_t_4,rem_impo_mensual_t_5,rem_impo_mensual_t_6,rem_impo_anual_2021,rem_impo_anual_2022,rem_impo_anual_2023,rem_impo_anual_2024,rem_impo_anual_2025,rem_desocupacion_t_menos_1,rem_desocupacion_t,rem_desocupacion_t_1,rem_desocupacion_t_2,rem_desocupacion_4t_2021,rem_desocupacion_4t_2022,rem_desocupacion_4t_2023,rem_desocupacion_4t_2024,rem_desocupacion_4t_2025,rem_desocupacion_4t_2026
2016-06-01,,0.022,0.02,0.018,0.016,0.015,0.016,0.215,0.159,0.37,0.185,,,,,,,,,,,,,,,,,,,,,,,,,,,,,,,0.022000000000000002,0.019,0.0174,0.016,0.015,0.016,0.22485,0.157,0.40299999999999997,0.19,,,,,,,,,,,,,,,0.29,0.28,0.27,0.26,0.2575,0.2535,0.21,0.2535,0.19,,,,,,,,,,15.039999999999997,15.259999999999998,15.5,15.8,15.9,16.1,17.55,16.1,18.7,,,,,,,,,,-350.6,-340.125,,,,,,,,,,,,,,-0.013999999999999999,0.032,,,,,,,,,,,,,,,,,,,,,,,,,,,,,,,,,,,,,,,,,,,,
2016-07-01,,0.02,0.018,0.017,0.017,0.018,0.018,0.217,0.16,0.386,0.193,,,,,,,,,,,,,,,,,,,,,,,,,,,,,,,0.02,0.019,0.017,0.016,0.018,0.018,0.222,0.16,0.42,0.2,,,,,,,,,,,,,,,0.29,0.28,0.27,0.2625,0.255,0.25,0.22,0.255,0.2,,,,,,,,,,15.21,15.45,15.7,15.960000000000003,16.15,16.34,17.725,16.15,18.7,,,,,,,,,,-355.0,-372.5,,,,,,,,,,,,,,-0.015,0.032,,,,,,,,,,,,,,,,,,,,,,,,,,,,,,,,,,,,,,,,,,,,
2016-08-01,,0.016,0.016,0.017,0.016,0.017,0.015,0.219,0.16,0.377,0.199,,,,,,,,,,,,,,,,,,,,,,,,,,,,,,,0.013,0.017,0.018,0.016,0.018,0.016,0.218,0.16,0.41,0.198,,,0.017,0.016,0.015,0.015,0.015,0.015,0.199,0.151,0.35,0.179,0.0,,0.27,0.26,0.255,0.25,0.245,0.24,0.215,0.25,0.2,,,,,,,,,,15.299999999999999,15.5,15.75,16.0,16.22,16.475,17.75,16.0,18.5,,,,,,,,,,-375.0,-410.0,,,,,,,,,,,,,,-0.015,0.032,,,,,,,,,,,,,,,,,,,,,,,,,,,,,,,,,,,,,,,,,,,,
2016-09-01,,0.017,0.017,0.016,0.017,0.015,0.016,0.211,0.154,0.365,0.193,,,,,,,,,,,,,,,,,,,,,,,,,,,,,,,0.02,0.017,0.016,0.017,0.015,0.017,0.213,0.154,0.396,0.2,,,0.015,0.015,0.015,0.015,0.015,0.015,0.19,0.14,0.34,0.177,0.0,,0.26,0.2525,0.24775,0.24,0.2375,0.23399999999999999,0.2125,0.24775,0.2,,,,,,,,,,15.5,15.765,16.0,16.2,16.41,16.58,17.8,16.0,18.4,,,,,,,,,,-378.0,-428.78,,,,,,,,,,,,,,-0.017,0.032,,,,,,,,,,,,,,,,,,,,,,,,,,,,,,,,,,,,,,,,,,,,
2016-10-01,,0.016,0.015,0.017,0.015,0.016,0.016,0.19399999999999998,0.149,0.366,0.192,0.143,0.09,,,,,,,,,,,,,,,,,,,,,,,,,,,,,0.016,0.016,0.017,0.015,0.016,0.017,0.198,0.143,0.394,0.197,0.148,,0.015,0.015,0.015,0.014,0.014,0.014,0.18,0.131,0.34,0.174,0.13,,0.26,0.251,0.23600000000000002,0.2339,0.23,0.225,0.19954999999999998,0.251,0.19,0.15,,,,,,,,,15.43,15.7,15.960000000000003,16.2,16.4,16.57,18.0,15.7,18.23,20.7,,,,,,,,,-379.534999999999,-430.0,-410.0,,,,,,,,,,0.01,0.013999999999999999,,-0.02,0.032,0.033,0.035,,,,,,,,,,,,,,,,,,,,,,,,,,,,,,,,,,,,,,,,,,
2016-11-01,,0.016,0.017,0.015,0.015,0.017,0.014,0.2,0.154,0.371,0.193,0.14,0.097,,,,,,,,,,,,,,,,,,,,,,,,,,,,,0.017,0.017,0.015,0.017,0.018,0.014,0.205,0.15,0.4,0.202,0.146,,0.015,0.015,0.015,0.015,0.014,0.014,0.184,0.131,0.342,0.18,0.13,,0.24,0.2325,0.2275,0.22,0.213,0.21,0.1875,0.24,0.1825,0.14,,,,,,,,,15.8,16.07,16.3,16.45,16.63,16.83,18.3,15.8,18.295,20.82,,,,,,,,,-385.0,-441.8,-430.0,,,,,,,,,,0.003,0.012,,-0.023,0.03,0.032,0.035,,,,,,,,,,,,,,,,,,,,,,,,,,,,,,,,,,,,,,,,,,
2016-12-01,,0.017,0.015,0.016,0.017,0.013999999999999999,0.015,0.196,0.14,,0.196,0.14,0.097,,,,,,,,,,,,,,,,,,,,,,,,,,,,,0.017,0.016,0.017,0.018000000000000002,0.015,0.0149,0.21,0.149,,0.21,0.149,0.097,0.015,0.015,0.015,0.015,0.014,0.014,0.184,0.133,,0.184,0.133,0.09,0.2375,0.23,0.22725,0.22,0.215,0.21100000000000002,0.18774999999999997,,0.18774999999999997,0.141,,,,,,,,,16.055,16.3,16.455,16.61,16.8,17.0,18.4949999999999,,18.4949999999999,21.02,,,,,,,,,,-450.395,-424.405,,,,,,,,,,,0.010067819999999998,0.015,,0.03,0.033,0.035,,,,,,,,,,,,,,,,,,,,,,,,,,,,,,,,,,,,,,,,,,
2017-01-01,,0.017,0.016,0.016,0.015,0.015,0.015,0.197,0.14,,0.2,0.14,0.095,,,,,,,,,,,,,,,,,,,,,,,,,,,,,0.018,0.017,0.018,0.015,0.015,0.015,0.204,0.141,,0.208,0.146,0.096,0.015,0.016,0.015,0.015,0.014,0.015,0.18,0.134,,0.184,0.13,0.09,0.2425,0.23875,0.235,0.225,0.22,0.2175,0.19175,,0.2,0.15,,,,,,,,,16.16,16.35,16.52,16.7,16.86,17.09,18.6,,18.395,21.0,,,,,,,,,,-440.0,-429.975,,,,,,,,,,0.011000000000000001,0.013,,,0.03,0.031,0.035,,,,,,,,,,,,,,,,,,,,,,,,,,,,,,,,,,,,,,,,,,
2017-02-01,,0.017,0.018,0.016,0.015,0.015,0.014,0.195,0.131,,0.201,0.14,0.095,,,,,,,,,,,,,,,,,,,,,,,,,,,,,0.018,0.02,0.015,0.015,0.015,0.014,0.195,0.134,,0.208,0.149,0.095,0.015,0.015,0.015,0.015,0.014,0.014,0.172,0.122,,0.185,0.131,0.087,0.2475,0.2425,0.2375,0.2275,0.2225,0.21625,0.19175,,0.2,0.1525,,,,,,,,,15.9,16.0,16.21,16.4,16.6,16.8,18.3,,18.0,20.45,,,,,,,,,,-430.0,-410.0,,,,,,,,,,0.011000000000000001,0.013,,,0.03,0.032,0.035,,,,,,,,,,,,,,,,,,,,,,,,,,,,,,,,,,,,,,,,,,
2017-03-01,,0.018000000000000002,0.01575,0.014950000000000001,0.014499999999999999,0.013000000000000001,0.013999999999999999,0.184,0.13,,0.203,0.14,0.1,,,,,,,,,,,,,,,,,,,,,,,,,,,,,0.019,0.016,0.015,0.015,0.013999999999999999,0.013999999999999999,0.189,0.134,,0.212,0.15,0.103,0.015,0.015,0.013999999999999999,0.013999999999999999,0.013999999999999999,0.013000000000000001,0.173,0.122,,0.187,0.13,0.1,0.2475,0.2425,0.2375,0.23,0.225,0.22,0.19,,0.2,0.155,,,,,,,,,15.61,15.82,16.01,16.29,16.51,16.8,18.39,,17.75,20.11,,,,,,,,,,-430.0,-424.0,,,,,,,,,,,0.012,0.012,,0.027999999999999997,0.0315,0.035,,,,,,,,,,,,,,,,,,,,,,,,,,,,,,,,,,,,,,,,,,
2017-04-01,,0.016,0.014499999999999999,0.0147,0.013600000000000001,0.013,0.013000000000000001,0.17509999999999998,0.13,,0.205,0.14,0.098,,,,,,,,,,,,,,,,,,,,,,,,,,,,,0.016,0.015,0.015,0.013600000000000001,0.013000000000000001,0.013999999999999999,0.179,0.127,,0.21,0.146,0.1,0.015,0.014,0.014,0.014,0.013,0.012,0.162,0.119,,0.19,0.13,0.09,0.2621,0.253,0.245,0.24,0.23,0.225,0.2,,0.215,0.16,,,,,,,,,15.6,15.8,16.1,16.37,16.67,16.9,18.3149999999999,,17.595,20.0,,,,,,,,,,-429.4,-423.44,,,,,,,,,,0.013000000000000001,0.012,,,0.026965470305895068,0.03,0.033674512393941855,,,,,,,,,,,,,,,,,,,,,,,,,,,,,,,,,,,,,,,,,,
2017-05-01,,0.015,0.015,0.014,0.013,0.013,0.014,0.17,0.131,,0.214,0.145,0.1,,,,,,,,,,,,,,,,,,,,,,,,,,,,,0.015,0.014,0.013,0.013,0.013,0.014,0.174,0.13,,0.216,0.15,0.102,0.014,0.014,0.013,0.013,0.013,0.012,0.16,0.118,,0.192,0.135,0.095,0.2575,0.25,0.245,0.24,0.23125,0.225,0.1975,,0.22,0.1605,,,,,,,,,16.1,16.3,16.53,16.805,17.1,17.42,18.57,,17.7,20.1,,,,,,,,,,-430.0,-422.9,,,,,,,,,,0.013999999999999999,0.012,,,0.026000000000000002,0.03,0.032,,,,,,,,,,,,,,,,,,,,,,,,,,,,,,,,,,,,,,,,,,
2017-06-01,,0.015,0.013,0.013,0.013,0.014,0.013,0.17,0.123,,0.215,0.149,0.096,,,,,,,,,,,,,,,,,,,,,,,,,,,,,0.015,0.013,0.013,0.013,0.014,0.013,0.171,0.127,,0.216,0.154,0.1,0.014,0.013,0.013,0.013,0.012,0.012,0.156,0.116,,0.195,0.135,0.095,0.255,0.248,0.24,0.235,0.23,0.22,0.19699999999999998,,0.22,0.165,,,,,,,,,16.52,16.765,16.9399999999999,17.225,17.5,17.7599999999999,18.81,,17.7599999999999,20.235,,,,,,,,,,-430.0,-420.5,,,,,,,,,,,0.01,0.009657467539591959,,0.027000000000000003,0.03,0.032,,,,,,,,,,,,,,,,,,,,,,,,,,,,,,,,,,,,,,,,,,
2017-07-01,,0.015,0.013,0.013,0.014,0.014,0.013,0.171,0.125,,0.22,0.155,0.104,,,,,,,,,,0.015,0.013000000000000001,0.013000000000000001,0.012,0.013000000000000001,0.0129,0.15825,0.11,0.201,0.14,0.1,,,,,,,,,0.015,0.013,0.014,0.014,0.014,,,,,0.223,,,0.014,0.013,0.013,0.013,0.013,,,,,0.205,,,0.2625,0.255,0.25,0.2425,0.2375,0.2325,0.20375,,0.2375,0.175,,,,,,,,,17.8,17.83,17.985,18.1749999999999,18.31,18.61,19.8,,18.31,20.8,,,,,,,,,,-429.0,-423.4,,,,,,,,,,0.01,0.009,,,0.027000000000000003,0.03,0.032,,,,,,,,,,,,,,,,,,,,,,,,,,,,,,,,,,,,,,,,,,
2017-08-01,,0.013000000000000001,0.013999999999999999,0.013999999999999999,0.013500000000000002,0.013000000000000001,0.013250000000000001,0.172,0.12,,0.22,0.157,0.109,,,,,,,,,,0.013000000000000001,0.013000000000000001,0.013000000000000001,0.013000000000000001,0.012,0.012,0.151,0.11,0.201,0.139,0.1,,,,,,,,,0.013,0.014,0.015,0.014,,,,,,0.222,,,0.013,0.013,0.013,0.013,,,,,,0.205,,,0.2625,0.26,0.25255,0.2475,0.24375,0.24,0.205,,0.2475,0.1825,,,,,,,,,17.51,17.8,18.0,18.185,18.36,18.55,19.86,,18.185,20.71,,,,,,,,,,-427.9,-420.0,,,,,,,,,,0.0115,0.01,,,0.027999999999999997,0.03,0.032,,,,,,,,,,,,,,,,,,,,,,,,,,,,,,,,,,,,,,,,,,
2017-09-01,,0.013999999999999999,0.013999999999999999,0.013500000000000002,0.013500000000000002,0.013250000000000001,0.013250000000000001,0.169,0.121,,0.22,0.158,0.11,,,,,,,,,,0.013000000000000001,0.013000000000000001,0.0127,0.012,0.012,0.012,0.15,0.108,0.203,0.14,0.1,,,,,,,,,0.014,0.015,0.014,,,,,,,0.223,,,0.013,0.013,0.013,,,,,,,0.207,,,0.2625,0.26,0.255,0.25,0.2475,0.24375,0.2125,,0.255,0.195,,,,,,,,,17.7,17.9,18.1,18.3,18.505,18.685,19.9,,18.1,20.6,,,,,,,,,,-426.35,-420.0,,,,,,,,,,,0.01,0.006999999999999999,,0.027999999999999997,0.03,0.032,,,,,,,,,,,,,,,,,,,,,,,,,,,,,,,,,,,,,,,,,,
2017-10-01,,0.015,0.015,0.014,0.014,0.014,0.014,0.17300000000000001,0.114,,0.23,0.16,0.11,,,,,,,,,,0.013999999999999999,0.013999999999999999,0.0132,0.012,0.012,0.012,0.151499999999999,0.107,0.21,0.143,0.104,,,,,,,,,0.016,0.016,,,,,,,,0.235,,,0.014,0.014,,,,,,,,0.215,,,0.2775,0.2775,0.2775,0.2725,0.26625,0.26225000000000004,0.21,,0.2775,0.21,,,,,,,,,17.8,18.015,18.26,18.45,18.65,18.85,20.1,,18.015,20.515,,,,,,,,,,-417.0,-412.26,,,,,,,,,,0.01,0.0075,,,0.028999999999999998,0.0308,0.032,,,,,,,,,,,,,,,,,,,,,,,,,,,,,,,,,,,,,,,,,,
2017-11-01,,0.021,0.015,0.015,0.015,0.015,0.013,0.175,0.118,,0.235,0.166,0.113,,,,,,,,,,0.015,0.013,0.013,0.013,0.012,0.011,0.153,0.109,0.21,0.149,0.104,,,,,,,,,0.022,,,,,,,,,0.24,,,0.015,,,,,,,,,0.215,,,0.2875,0.2875,0.2875,0.2875,0.2775,0.2725,0.23,,0.2875,0.22,,,,,,,,,17.8,18.0,18.2,18.375,18.555,18.7,20.155,,17.8,20.285,,,,,,,,,,-410.405,-408.755,,,,,,,,,,0.01,0.006999999999999999,,,0.028999999999999998,0.031,0.033,,,,,,,,,,,,,,,,,,,,,,,,,,,,,,,,,,,,,,,,,,
2017-12-01,,0.015,0.015700000000000002,0.015,0.013999999999999999,0.013000000000000001,0.012,0.174,0.116,,,0.174,0.116,0.08,,,,,,,,,0.013000000000000001,0.012,0.013000000000000001,0.012,0.012,0.011000000000000001,0.149,0.1,,0.149,0.1,0.0745,,,,,,,,,,,,,,,,,,,,,,,,,,,,,,,,0.2875,0.2875,0.28,0.2725,0.2675,0.26,0.2225,,,0.2225,0.1565,,,,,,,,18.2,18.4,18.58,18.77,19.0,19.145,20.35,,,20.35,22.6,,,,,,,,,,-411.91,-343.99,,,,,,,,,,0.0075,0.0075,,,0.0315,0.0325,0.032,,,,,,,,,,,,,,,,,,,,,,,,,,,,,,,,,,,,,,,,,
2018-01-01,,0.02075,0.017,0.018000000000000002,0.013999999999999999,0.013999999999999999,0.013000000000000001,0.18600000000000003,0.1335,,,0.19399999999999998,0.135,0.091,,,,,,,,,0.016,0.015,0.013999999999999999,0.013000000000000001,0.013000000000000001,0.012,0.165,0.11900000000000001,,0.16899999999999998,0.12,0.09,,,,,,,,,,,,,,,,,,,,,,,,,,,,,,,,0.27,0.265,0.26125,0.255,0.25,0.245,0.215,,,0.2175,0.16,,,,,,,,19.6749999999999,19.7,19.9,20.03,20.215,20.55,22.15,,,21.8849999999999,24.5,,,,,,,,,,-408.0,-343.78,,,,,,,,,0.006999999999999999,0.006999999999999999,,,,0.03,0.031,0.03,,,,,,,,,,,,,,,,,,,,,,,,,,,,,,,,,,,,,,,,,
2018-02-01,,0.017,0.019,0.013999999999999999,0.013999999999999999,0.013000000000000001,0.012549999999999999,0.1764,0.129,,,0.19899999999999998,0.14,0.09699999999999999,,,,,,,,,0.0158,0.015,0.0138,0.013000000000000001,0.013000000000000001,0.012,0.161,0.12,,0.171,0.126,0.09,,,,,,,,,,,,,,,,,,,,,,,,,,,,,,,,0.27,0.265,0.26,0.255,0.25,0.2425,0.2125,,,0.22,0.17,,,,,,,,20.14,20.33,20.5,20.62,20.87,21.09,22.55,,,22.0,24.6,,,,,,,,,,-409.0,-360.75,,,,,,,,,0.006,0.005,,,,0.0265,0.03,0.03,,,,,,,,,,,,,,,,,,,,,,,,,,,,,,,,,,,,,,,,,
2018-03-01,,0.021,0.015,0.013999999999999999,0.0138,0.013000000000000001,0.013000000000000001,0.178,0.13,,,0.2025,0.1427,0.1,,,,,,,,,0.016,0.014499999999999999,0.013300000000000001,0.013000000000000001,0.012,0.012,0.16,0.117,,0.1805,0.126,0.09,,,,,,,,,,,,,,,,,,,,,,,,,,,,,,,,0.2725,0.2675,0.26,0.255,0.2475,0.2425,0.2125,,,0.225,0.171,,,,,,,,20.38,20.5,20.74,21.0,21.26,21.59,23.18,,,22.5,25.1,,,,,,,,,,-410.0,-350.61,,,,,,,,,,0.003,0.006,,,0.025,0.031,0.03,,,,,,,,,,,,,,,,,,,,,,,,,,,,,,,,,,,,,,,,,
2018-04-01,,0.017,0.015300000000000001,0.013999999999999999,0.013000000000000001,0.013000000000000001,0.013000000000000001,0.182,0.13449999999999998,,,0.22,0.15,0.11,,,,,,,,,0.016,0.015,0.013000000000000001,0.0125,0.012,0.012,0.16079999999999997,0.12,,0.198,0.1318,0.1,,,,,,,,,,,,,,,,,,,,,,,,,,,,,,,,0.3025,0.2875,0.28,0.2725,0.2675,0.26,0.23,,,0.245,0.18675,,,,,,,,20.66,20.8,21.0,21.3149999999999,21.6749999999999,21.9399999999999,23.36,,,22.5649999999999,25.385,,,,,,,,,,-400.875,-350.5,,,,,,,,,0.0001,0.007,,,,0.025,0.0315,0.03,,,,,,,,,,,,,,,,,,,,,,,,,,,,,,,,,,,,,,,,,
2018-05-01,,0.024,0.02,0.01755,0.016,0.017,0.015,0.2224,0.16649999999999998,,,0.271,0.1895,0.14,,,,,,,,,0.022000000000000002,0.019,0.017,0.015,0.015,0.013999999999999999,0.207,0.153,,0.251,0.17800000000000002,0.125,,,,,,,,,,,,,,,,,,,,,,,,,,,,,,,,0.4,0.38,0.36,0.345,0.33,0.32,0.27,,,0.3,0.2325,,,,,,,,25.09,25.5,25.9,26.3,26.65,27.0,29.24,,,27.39,31.84,,,,,,,,,,-355.0,-305.8,,,,,,,,,-0.0095,-0.00385,,,,0.013000000000000001,0.022000000000000002,0.027999999999999997,,,,,,,,,,,,,,,,,,,,,,,,,,,,,,,,,,,,,,,,,
2018-06-01,,0.025,0.021,0.018000000000000002,0.02,0.017,0.0179,0.2415,0.175,,,0.3,0.2015,0.15,,,,,,,,,0.025,0.021,0.019,0.0177,0.016,0.015,0.225,0.1615,,0.282,0.184,0.135,,,,,,,,,,,,,,,,,,,,,,,,,,,,,,,,0.4,0.38,0.37,0.35,0.35,0.33,0.28,,,0.33,0.24875,,,,,,,,28.5,28.9,29.14,29.5,30.0,30.3,32.9,,,30.3,36.0,,,,,,,,,,-360.0,-234.9,,,,,,,,,,-0.007,0.00115,,,0.005,0.0155,0.025,,,,,,,,,,,,,,,,,,,,,,,,,,,,,,,,,,,,,,,,,
2018-07-01,,0.024,0.02,0.02,0.018,0.018,0.018,0.237,0.171,,,0.318,0.206,0.15025,,,,,,,,,0.022,0.02,0.018,0.016,0.016,0.016,0.22,0.157,,0.305,0.19005,0.14,,,,,,,,,,,,,,,,,,,,,,,,,,,,,,,,0.4,0.39,0.38,0.3675,0.35,0.35,0.295,,,0.35,0.255,,,,,,,,28.1,28.66,29.2,29.8,30.5,31.0,33.485,,,30.5,36.0,,,,,,,,,,-360.0,-243.0,,,,,,,,,-0.006,0.001,,,,-0.00275,0.015,0.025,,,,,,,,,,,,,,,,,,,,,,,,,,,,,,,,,,,,,,,,,
2018-08-01,,0.04,0.035,0.0274,0.024849999999999997,0.0203,0.02,0.315,0.212,,,0.40299999999999997,0.253,0.18899999999999997,,,,,,,,,0.042,0.032,0.026000000000000002,0.024,0.02,0.02,0.30975,0.20199999999999999,,0.405,0.245,0.18,,,,,,,,,,,,,,,,,,,,,,,,,,,,,,,,0.6,0.6,0.6,0.6,0.55,0.5,0.395,,,0.6,0.32,,,,,,,,39.7,40.0,41.105,41.9,42.5,42.765,46.67,,,41.9,50.0,,,,,,,,,,-356.0,-213.0,,,,,,,,,-0.015,-0.005,,,,-0.018500000000000003,0.005,0.025,,,,,,,,,,,,,,,,,,,,,,,,,,,,,,,,,,,,,,,,,
2018-09-01,,0.04,0.03,0.02725,0.0245,0.023,0.024,0.319,0.203,,,0.44780000000000003,0.27,0.19,,,,,,,,,0.038,0.03,0.025,0.023,0.022000000000000002,0.022000000000000002,0.301,0.195,,0.44,0.259,0.175,,,,,,,,,,,,,,,,,,,,,,,,,,,,,,,,0.65,0.65,0.6,0.58,0.55,0.5185,0.4,,,0.6,0.35,,,,,,,,41.0,42.0,43.0,43.6,44.1,44.85,48.2,,,43.0,50.4,,,,,,,,,,-360.0,0.0,,,,,,,,,,-0.01,0.0,,,-0.025,-0.005,0.022000000000000002,,,,,,,,,,,,,,,,,,,,,,,,,,,,,,,,,,,,,,,,,
2018-10-01,,0.031,0.02825,0.025,0.025,0.024,0.022000000000000002,0.306,0.2005,,,0.4746,0.2775,0.19640000000000002,,,,,,,,,0.032,0.03,0.025,0.022000000000000002,0.022000000000000002,0.02,0.294,0.1955,,0.48,0.268,0.18,,,,,,,,,,,,,,,,,,,,,,,,,,,,,,,,0.68,0.65,0.62,0.58,0.55,0.515,0.4,,,0.65,0.35,,,,,,,,37.975,39.2549999999999,40.15,41.135,41.82,42.44,47.17,,,39.2549999999999,48.9,,,,,,,,,,-357.83,0.0,,,,,,,,,-0.019,0.0,,,,-0.023849999999999996,-0.01,0.024,,,,,,,,,,,,,,,,,,,,,,,,,,,,,,,,,,,,,,,,,
2018-11-01,,0.0274,0.025,0.023,0.023,0.022000000000000002,0.02,0.28625,0.1931,,,0.475,0.275,0.19149999999999998,,,,,,,,,0.027000000000000003,0.024,0.022000000000000002,0.022000000000000002,0.02,0.0192499999999999,0.271,0.1886,,0.47200000000000003,0.257,0.1771,,,,,,,,,,,,,,,,,,,,,,,,,,,,,,,,0.6,0.5565,0.536,0.51,0.48125,0.46375,0.3675,,,0.6,0.35,,,,,,,,39.0,39.92,40.57,41.435,42.0,42.67,47.7,,,39.0,48.5,,,,,,,,,,-356.195,0.0,,,,,,,,,-0.017,0.0,,,,-0.02375,-0.0115,0.025,,,,,,,,,,,,,,,,,,,,,,,,,,,,,,,,,,,,,,,,,
2018-12-01,,0.0255,0.02405,0.024,0.023250000000000003,0.022000000000000002,0.02,0.2865,0.1985,,,,0.2865,0.1985,0.15,,,,,,,,0.024,0.02275,0.022250000000000002,0.02,0.02,0.02,0.2685,0.182,,,0.2685,0.182,0.14,,,,,,,,,,,,,,,,,,,,,,,,,,,,,,,0.56985,0.5459,0.5205,0.5,0.478,0.45649999999999996,0.37975000000000003,,,,0.37975000000000003,0.245,,,,,,,39.2699999999999,40.0,40.84,41.5,42.57,43.7,48.3499999999999,,,,48.3499999999999,55.85,,,,,,,,,,-39.7,170.0,,,,,,,,,0.0,0.015,,,,-0.012,0.025,0.025,,,,,,,,,,,,,,,,,,,,,,,,,,,,,,,,,,,,,,,,
2019-01-01,0.025,0.026000000000000002,0.025,0.024900000000000002,0.022000000000000002,0.02025,0.02,0.285,0.19,,,,0.29,0.195,0.15,,,,,,,0.024,0.023,0.0226,0.022000000000000002,0.021,0.02,0.019,0.2615,0.18350000000000002,,,0.27,0.185,0.14,,,,,,,,,,,,,,,,,,,,,,,,,,,,,,,0.528,0.5075999999999999,0.48125,0.46799999999999997,0.449,0.43325,0.36,,,,0.37,0.25,,,,,,,38.29,39.3,40.14,41.015,42.0,43.04,48.38,,,,48.0,55.5,,,,,,,,,,-5.58,190.0,,,,,,,,0.0,0.015,,,,,-0.012,0.025,0.025,,,,,,,,,,,,,,,,,,,,,,,,,,,,,,,,,,,,,,,,
2019-02-01,0.035,0.03,0.027000000000000003,0.0234999999999999,0.022000000000000002,0.02,0.02,0.29,0.193,,,,0.319,0.203,0.15,,,,,,,0.032,0.027,0.025,0.023,0.021,0.02,0.02,0.272,0.186,,,0.301,0.191,0.15,,,,,,,,,,,,,,,,,,,,,,,,,,,,,,,0.49,0.471,0.455,0.4435,0.43,0.425,0.35,,,,0.37,0.25,,,,,,,39.5,40.5,41.1,42.0,43.0,44.4,49.3,,,,48.0,56.4,,,,,,,,,,-38.5,170.5,,,,,,,,0.0,0.015,,,,,-0.013,0.025,0.025,,,,,,,,,,,,,,,,,,,,,,,,,,,,,,,,,,,,,,,,
2019-03-01,0.038,0.0345,0.0275,0.024,0.021,0.02045,0.02,0.307,0.21,,,,0.36,0.23,0.16,,,,,,,0.036,0.033,0.027000000000000003,0.024,0.021,0.02,0.02,0.299,0.2045,,,0.3505,0.22,0.155,,,,,,,,,,,,,,,,,,,,,,,,,,,,,,,0.65,0.6154999999999999,0.6,0.565,0.5625,0.55,0.4,,,,0.45,0.29,,,,,,,43.2,44.0,45.0,46.23,47.5,48.7249999999999,52.68,,,,50.0,60.0,,,,,,,,,,-80.0,138.57,,,,,,,,0.003,0.01,0.005,,,,-0.012,0.024,0.025,,,,,,,,,,,,,,,,,,,,,,,,,,,,,,,,,,,,,,,,
2019-04-01,0.04,0.032,0.027000000000000003,0.024,0.022000000000000002,0.0215,0.022000000000000002,0.314,0.23,,,,0.4,0.252,0.19,,,,,,,0.04,0.032,0.027000000000000003,0.025,0.023,0.021,0.021,0.31,0.222,,,0.401,0.2425,0.18,,,,,,,,,,,,,,,,,,,,,,,,,,,,,,,0.7,0.6729999999999999,0.65,0.64,0.629,0.613,0.45,,,,0.5,0.34600000000000003,,,,,,,44.66,45.6,46.7,47.9,48.99,50.39,54.6,,,,51.2,61.7,,,,,,,,,,-95.55,141.0,,,,,,,0.004,0.008,0.003,,,,,-0.013000000000000001,0.0216,0.025,,,,,,,,,,,,,,,,,,,,,,,,,,,,,,,,,,,,,,,,
2019-05-01,0.03,0.027,0.025,0.023,0.023,0.022,0.021,0.31,0.226,,,,0.403,0.261,0.191,,,,,,,0.03,0.027,0.025,0.024,0.023,0.022,0.021,0.306,0.222,,,0.405,0.248,0.181,,,,,,,,,,,,,,,,,,,,,,,,,,,,,,,0.69,0.679,0.662,0.64,0.63,0.6,0.443,,,,0.55,0.35,,,,,,,45.8,46.9,48.0,49.0,50.0,50.48,55.5,,,,51.0,62.0,,,,,,,,,,-100.0,123.0,,,,,,,-0.002,0.01,0.004,,,,,-0.015,0.02,0.025,,,,,,,,,,,,,,,,,,,,,,,,,,,,,,,,,,,,,,,,
2019-06-01,0.026,0.025,0.0236642035981572,0.023,0.022000000000000002,0.021,0.022000000000000002,0.3,0.22085,,,,0.4,0.27,0.2,,,,,,,0.026,0.025,0.0245,0.023,0.023,0.022000000000000002,0.022000000000000002,0.306,0.22,,,0.4154,0.26,0.189,,,,,,,,,,,,,,,,,,,,,,,,,,,,,,,0.6164875,0.6104999999999999,0.6,0.6,0.57,0.55,0.42450000000000004,,,,0.55,0.35,,,,,,,44.1,46.0,47.5,48.77889208703,49.7,50.175,55.0,,,,50.175,61.05,,,,,,,,,,-101.435499999999,130.0,,,,,,,,0.007,0.005,0.00448,,,,-0.013999999999999999,0.022000000000000002,0.025,,,,,,,,,,,,,,,,,,,,,,,,,,,,,,,,,,,,,,,,
2019-07-01,0.024,0.023828979326217,0.023,0.0225,0.0212674231618645,0.022000000000000002,0.0221834946893873,0.302,0.22699999999999998,,,,0.400218418960724,0.28,0.2,,,,,,,0.024,0.024,0.023,0.0225,0.022000000000000002,0.022000000000000002,0.021,0.29,0.22,,,0.414,0.265,0.192,,,,,,,,,,,,,,,,,,,,,,,,,,,,,,,0.597,0.58,0.5710000000000001,0.56,0.53,0.5,0.411403614478413,,,,0.53,0.35,,,,,,,44.9,46.25,48.0,49.0,50.0,50.97,56.0,,,,50.0,60.8,,,,,,,,,,-101.4605,132.5,,,,,,,0.005,0.005,0.005,,,,,-0.014499999999999999,0.02,0.025,,,,,,,,,,,,,,,,,,,,,,,,,,,,,,,,,,,,,,,,
2019-08-01,0.043,0.0582,0.043,0.035,0.034,0.0313628998887108,0.03,0.483,0.3,,,,0.55,0.38,0.283,,,,,,,0.05,0.065,0.045,0.035,0.035,0.031200000000000002,0.031,0.483,0.309,,,0.576,0.375,0.276,,,,,,,,,,,,,,,,,,,,,,,,,,,,,,,0.8,0.79,0.76,0.73155,0.6866240012406941,0.6465000000000001,0.5,,,,0.7316,0.42,,,,,,,60.0,62.8,65.065,66.7,68.3,70.0,80.0,,,,66.7,87.1,,,,,,,,,,-142.6,-114.5,,,,,,,-0.002,-0.007,-0.007,,,,,-0.025,-0.011,0.019,,,,,,,,,,,,,,,,,,,,,,,,,,,,,,,,,,,,,,,,
2019-09-01,0.058,0.0442244784530033,0.04,0.036000000000000004,0.035,0.033,0.033,0.48,0.305,,,,0.5489999999999999,0.4045,0.28800000000000003,,,,,,,0.063,0.045,0.03825,0.039,0.035,0.034,0.032,0.48,0.29100000000000004,,,0.5775,0.397,0.26899999999999996,,,,,,,,,,,,,,,,,,,,,,,,,,,,,,,0.79,0.76,0.73,0.68,0.65,0.6125,0.48,,,,0.73,0.425,,,,,,,59.3,62.0,65.0,67.2,69.6075001643722,71.4040657197087,82.2,,,,65.0,88.0,,,,,,,,,,-162.5,-100.0,,,,,,,,-0.006999999999999999,-0.011000000000000001,-0.005,,,,-0.0285,-0.015,0.0160176274672859,,,,,,,,,,,,,,,,,,,,,,,,,,,,,,,,,,,,,,,,
2019-10-01,0.042,0.040999999999999995,0.04,0.03947212366203938,0.0345,0.03395,0.032,0.48200000000000004,0.3,,,,0.556,0.42869999999999997,0.2905,,,,,,,0.045,0.044000000000000004,0.042,0.04,0.03563,0.03419366617129427,0.032,0.475,0.29,,,0.595,0.425,0.284,,,,,,,,,,,,,,,,,,,,,,,,,,,,,,,0.63,0.6,0.561,0.53,0.5,0.488,0.40299999999999997,,,,0.6,0.3995,,,,,,,61.08,65.0,67.536,69.554,71.398,73.0,83.01568808372755,,,,65.0,87.35,,,,,,,,,,-177.086,-150.0,,,,,,,-0.006,-0.013999999999999999,-0.005,,,,,-0.03,-0.017,0.01551764920185761,,,,,,,,,,,,,,,,,,,,,,,,,,,,,,,,,,,,,,,,
2019-11-01,0.041,0.043,0.037623679705204395,0.034,0.035,0.033,0.03,0.456,0.305,,,,0.5455,0.4295,0.3,,,,,,,0.042,0.043,0.04,0.03604320214175677,0.035,0.033,0.03,0.46,0.3094155410706053,,,0.581,0.441,0.32,,,,,,,,,,,,,,,,,,,,,,,,,,,,,,,0.59,0.55,0.5225,0.49,0.48,0.46049999999999996,0.4,,,,0.59,0.4,,,,,,,63.0,64.55,66.9,69.0,71.0,73.0,82.5,,,,63.0,85.9,,,,,,,,,,-173.75,-200.0,,,,,,,0.0034999999999999996,-0.019946309619565217,-0.006,,,,,-0.027999999999999997,-0.017,0.015,,,,,,,,,,,,,,,,,,,,,,,,,,,,,,,,,,,,,,,,
2019-12-01,0.041,0.038,0.0329350992568902,0.033,0.032,0.03,0.027999999999999997,0.42200000000000004,0.301,,,,,0.42200000000000004,0.301,0.255,,,,,,0.042,0.039,0.03447199700662096,0.033,0.031,0.028999999999999998,0.027000000000000003,0.42700000000000005,0.315,,,,0.42700000000000005,0.315,0.27,,,,,,,,,,,,,,,,,,,,,,,,,,,,,,0.5275,0.5,0.48,0.4535,0.44,0.43,0.37,,,,0.37,0.28,,,,,,,61.65000000000001,63.1,64.75,66.0,67.0,68.55,80.5,,,,,80.5,98.5,,,,,,,,,,-164.7,-91.632,,,,,,,-0.01,-0.006999999999999999,-0.0005,,,,,-0.016,0.0126085005177116,0.02,,,,,,,,,,,,,,,,,,,,,,,,,,,,,,,,,,,,,,,
2020-01-01,0.035,0.03,0.030399499116656334,0.03,0.028999999999999998,0.0285,0.028999999999999998,0.4004381767583509,0.317,,,,,0.41650000000000015,0.3125,0.2545,,,,,,0.036,0.032,0.0311,0.03,0.028999999999999998,0.0285,0.028999999999999998,0.409,0.311,,,,0.4215,0.318,0.265,,,,,,,,,,,,,,,,,,,,,,,,,,,,,,0.33650000000000013,0.3296875,0.32164583333333335,0.3135,0.3075,0.3,0.28725,,,,,0.28,0.244,,,,,,61.27,62.89,64.10251933096785,65.55271070410001,67.37227847170251,68.7,80.45,,,,,78.685,99.02000000000001,,,,,,,,,,-141.476,-45.0,,,,,,-0.006999999999999999,-0.005,-0.001,,,,,,-0.015,0.017,0.02,,,,,,,,,,,,,,,,,,,,,,,,,,,,,,,,,,,,,,,
2020-02-01,0.025,0.028999999999999998,0.027999999999999997,0.027000000000000003,0.0273,0.03,0.03,0.39899999999999997,0.3,,,,,0.4,0.305,0.27,,,,,,0.025,0.028999999999999998,0.028999999999999998,0.027999999999999997,0.027000000000000003,0.028999999999999998,0.028999999999999998,0.3895,0.30597446470793943,,,,0.39299999999999996,0.3149520977063931,0.265,,,,,,,,,,,,,,,,,,,,,,,,,,,,,,0.308,0.3015,0.3,0.3,0.29760000000000003,0.29100000000000004,0.2746685252978035,,,,,0.27699999999999997,0.247,,,,,,63.1024,64.65158817,65.995,68.0,69.6,71.33080659609092,83.0,,,,,78.91619895473153,97.3,,,,,,,,,,-135.3,-117.5,,,,,,-0.008,-0.005,-0.002,,,,,,-0.01204798335469004,0.017,0.02,,,,,,,,,,,,,,,,,,,,,,,,,,,,,,,,,,,,,,,
2020-03-01,0.026,0.027999999999999997,0.02650000000000001,0.02849999999999996,0.03,0.029500000000000002,0.03101643302483419,0.395,0.3245,,,,,0.3997,0.33,0.27149999999999996,,,,,,0.026,0.031,0.028999999999999998,0.028999999999999998,0.028999999999999998,0.03,0.03,0.415,0.325,,,,0.43,0.332,0.268,,,,,,,,,,,,,,,,,,,,,,,,,,,,,,0.27704999999999996,0.27105,0.2705,0.26895,0.2705,0.266,0.25,,,,,0.2583,0.24,,,,,,65.45,67.3,69.5,71.3,73.5,75.6122152039026,88.0,,,,,83.13,107.7,,,,,,,,,,-696.0,-500.0,,,,,,,-0.016,-0.049,0.006999999999999999,,,,,-0.043,0.029500000000000002,0.02,,,,,,,,,,,,,,,,,,,,,,,,,,,,,,,,,,,,,,,
2020-04-01,0.023,0.025,0.028399999999999998,0.031,0.033,0.0355,0.036000000000000004,0.48976630930426734,0.364,,,,,0.444,0.3995,0.325,,,,,,0.024,0.0255,0.0285,0.0325,0.03325,0.0345,0.036000000000000004,0.499,0.32,,,,0.46,0.3841239878582238,0.315,,,,,,,,,,,,,,,,,,,,,,,,,,,,,,0.204,0.21899999999999997,0.22399999999999998,0.23,0.237,0.2367303939688559,0.248,,,,,0.25,0.245,,,,,,68.0,70.2,72.4,74.8,77.34158196109948,80.0,96.14,,,,,85.36215086017279,120.11,,,,,,,,,,-1383.919402176701,-1117.0,,,,,,-0.02,-0.09,0.02,,,,,,-0.07,0.038,0.02,,,,,,,,,,,,,,,,,,,,,,,,,,,,,,,,,,,,,,,
2020-05-01,0.017,0.023,0.029500000000000002,0.0325,0.037000000000000005,0.04,0.0393,0.51,0.374,,,,,0.4325,0.41099999999999987,0.3475,,,,,,0.02,0.023,0.03175,0.034,0.0375,0.037699999999999914,0.038,0.51295,0.37,,,,0.451,0.40703194033199586,0.3414410675641632,,,,,,,,,,,,,,,,,,,,,,,,,,,,,,0.2843339255083829,0.3,0.297,0.29350000000000004,0.3,0.29614999999999997,0.284,,,,,0.292,0.27699999999999997,,,,,,70.23834173144098,72.55,76.0,79.0,81.92361111111111,85.0,104.05,,,,,88.47123081965051,122.4,,,,,,,,,,-1647.0,-1145.5,,,,,,-0.048,-0.12,0.05,,,,,,-0.09449999999999999,0.0453719520673859,0.02,,,,,,,,,,,,,,,,,,,,,,,,,,,,,,,,,,,,,,,
2020-06-01,0.02,0.025,0.03,0.03600000000000001,0.04,0.04,0.042,0.525,0.415,,,,,0.40700000000000003,0.446,0.35100000000000003,,,,,,0.02,0.0255,0.03188706409988483,0.03757810401381898,0.03925,0.04050000000000001,0.042249999999999996,0.5155,0.401,,,,0.431,0.434,0.35100000000000003,,,,,,,,,,,,,,,,,,,,,,,,,,,,,,0.3,0.3,0.3,0.301,0.308,0.308,0.304,,,,,0.308,0.3,,,,,,72.0,74.77,77.75,81.6,84.9,88.0,105.32,,,,,88.0,122.5,,,,,,,,,,-1746.0,-1320.0,,,,,,,-0.1652407894644487,0.069,0.06077450499999999,,,,,-0.12,0.05,0.02,,,,,,,,,,,,,,,,,,,,,,,,,,,,,,,,,,,,,,,
2020-07-01,0.024,0.03,0.035,0.038,0.04,0.04,0.04,0.519,0.3834999999999999,,,,,0.395,0.46649999999999997,0.3544634650075204,,,,,,0.025,0.03150000000000001,0.035,0.039,0.038,0.043,0.04,0.516,0.392,,,,0.42,0.45,0.36200000000000004,,,,,,,,,,,,,,,,,,,,,,,,,,,,,,0.306,0.324,0.325,0.33,0.33030000000000004,0.33030000000000004,0.33,,,,,0.33030000000000004,0.3209999999999999,,,,,,73.71,76.455,79.9,82.05,86.44341330837264,89.0,105.1,,,,,86.44341330837264,123.24,,,,,,,,,,-2000.0,-1416.5,,,,,,-0.17,0.08,0.06,,,,,,-0.1250706196325858,0.0555,0.02422885828005371,,,,,,,,,,,,,,,,,,,,,,,,,,,,,,,,,,,,,,,
2020-08-01,0.027,0.033,0.037,0.038,0.042,0.041,0.038,0.512,0.39,,,,,0.378,0.471,0.355,,,,,,0.03,0.035,0.038,0.039,0.043,0.042,0.041,0.52,0.394,,,,0.412,0.459,0.358,,,,,,,,,,,,,,,,,,,,,,,,,,,,,,0.301,0.316,0.32,0.33,0.33,0.33,0.33,,,,,0.329,0.33,,,,,,75.7,78.5,81.2,84.25,87.65,90.97,108.1,,,,,84.25,122.0,,,,,,,,,,-2000.0,-1500.0,,,,,,-0.166,0.087,0.051,,,,,,-0.12,0.056,0.025,,,,,,,,,,,,,,,,,,,,,,,,,,,,,,,,,,,,,,,
2020-09-01,0.03,0.03469,0.0375,0.04,0.04,0.035,0.038,0.5051,0.38799999999999996,,,,,0.3694946941008079,0.475,0.3565,,,,,,0.032,0.03545,0.038,0.04125,0.04,0.037000000000000005,0.0365,0.5013000000000001,0.37200000000000005,,,,0.3946,0.4755,0.38,,,,,,,,,,,,,,,,,,,,,,,,,,,,,,0.3085,0.318,0.325,0.33,0.33299999999999996,0.34,0.34,,,,,0.325,0.33549999999999996,,,,,,77.7,80.26026080088,83.78872789506799,86.60483337139537,89.95,93.4,109.85,,,,,83.78872789506799,121.5,,,,,,,,,,-2000.0,-1785.0,,,,,,,0.09757845540760686,0.0395,0.0125,,,,,-0.1175,0.05055591909025406,0.024998635563419903,,,,,,,,,,,,,,,,,,,,,,,,,,,,,,,,,,,,,,,
2020-10-01,0.032,0.035,0.04,0.040999999999999995,0.0375,0.039,0.035,0.521,0.37549999999999994,,,,,0.358,0.489,0.359,,,,,,0.0335,0.038,0.04125,0.040999999999999995,0.0387456,0.04,0.036000000000000004,0.5095000000000001,0.355,,,,0.38299999999999995,0.4824,0.3685,,,,,,,,,,,,,,,,,,,,,,,,,,,,,,0.32,0.33,0.3422,0.34,0.35,0.36,0.358,,,,,0.33,0.35,,,,,,80.6,84.0,88.0520272799999,91.3,94.5,97.98,117.4,,,,,84.0,125.0,,,,,,,,,,-1949.0,-1787.24,,,,,,0.105,0.029,0.012,,,,,,-0.116,0.0454293809472123,0.025,,,,,,,,,,,,,,,,,,,,,,,,,,,,,,,,,,,,,,,
2020-11-01,0.036000000000000004,0.04,0.040999999999999995,0.0382,0.04,0.035,0.033,0.5245000000000001,0.39099999999999985,,,,,0.36700000000000005,0.5,0.363494316314551,,,,,,0.038,0.040999999999999995,0.04151521885308105,0.04,0.04,0.037000000000000005,0.035,0.5175,0.389,,,,0.38239422047805915,0.5,0.3796578603509861,,,,,,,,,,,,,,,,,,,,,,,,,,,,,,0.35,0.36,0.37,0.38,0.38,0.38,0.364,,,,,0.35,0.36,,,,,,83.0,86.805,90.94,94.945,98.17764987004722,101.27,121.1408880683679,,,,,83.0,126.45,,,,,,,,,,-1875.0,-1625.742832511872,,,,,,0.1317052601521711,0.027999999999999997,0.009000000000000001,,,,,,-0.10855779263407049,0.04786327892805575,0.025,,,,,,,,,,,,,,,,,,,,,,,,,,,,,,,,,,,,,,,
2020-12-01,0.0398511494121596,0.0395,0.037116979772398466,0.03889189785674638,0.035,0.034,0.0325,0.498,0.39183163766488915,,,,,,0.498,0.39183163766488915,0.3,,,,,0.0405,0.04,0.04,0.039,0.038,0.036000000000000004,0.034,0.5,0.39,,,,,0.5,0.39,0.314,,,,,,,,,,,,,,,,,,,,,,,,,,,,,0.35,0.36,0.369796370967742,0.371,0.375,0.37705263157894725,0.3814,,,,,,0.3814,0.330965,,,,,85.87808601217822,89.43460165079362,93.0,96.6,100.0,103.0,125.8,,,,,,125.8,171.45,,,,,,,,,,-1741.845992485465,-1506.0,,,,,,0.036225279750839355,0.008352229038615322,0.006,,,,,,0.055,0.025,0.0245,,,,,4403.34,4574.63,4398.5,4737.29,5006.5,5598.0,5331.0,59958.5,63200.0,,,,3760.0,3788.609558497944,3589.2,3809.789481169034,3712.5,4033.0,4079.5,48147.1111037599,52100.0,,,,,0.11699999999999999,0.11699999999999999,0.12,0.10949999999999999,0.102,,,,
2021-01-01,0.0385,0.03575421362599216,0.039,0.03502364627285761,0.034,0.03208486017667044,0.032,0.4935,0.3879542871515726,,,,,,0.5,0.39,0.3015,,,,,0.04199999999999992,0.039599999999999996,0.039,0.038,0.035,0.034,0.034,0.503507722807,0.39,,,,,0.52,0.39149999999999996,0.3165,,,,,,,,,,,,,,,,,,,,,,,,,,,,,0.3493608870967742,0.35450000000000004,0.36200000000000004,0.36471259305318054,0.3685824195906433,0.36721259305318055,0.385,,,,,,0.38,0.331,,,,,89.2,92.54122738888888,96.05,99.2,102.732174602037,105.9948093676419,129.0,,,,,,125.0,172.0,,,,,,,,,,-1728.0,-1500.0,,,,,0.047,0.006999999999999999,0.004,,,,,,,0.05518897528284075,0.025,0.025,,,,,4328.0,4324.0,4700.0,5194.8,5560.0,5388.411056192547,5300.0,60783.5,63290.7342728244,,,,3790.0,3521.167346343884,3810.0,3720.0,4052.0,4080.0,4200.0,48530.0,51965.0,,,,0.1155555314181748,0.1149636840287346,0.11800000000000001,,0.11,0.10550000000000001,,,,
2021-02-01,0.03501037798765376,0.037000000000000005,0.033549999999999996,0.031,0.03,0.03031839812558211,0.02923809781240165,0.4495,0.368,,,,,,0.48105657083888514,0.37199431631455077,0.3,,,,,0.03757548771460105,0.037000000000000005,0.03427200314590727,0.03266992031768622,0.032,0.033,0.031,0.465,0.3775,,,,,0.4805,0.3840000000000001,0.3116818016332017,,,,,,,,,,,,,,,,,,,,,,,,,,,,,0.342,0.34299999999999997,0.34600000000000003,0.35,0.35599999999999987,0.358,0.35950000000000004,,,,,,0.3605,0.32049999999999995,,,,,91.35679437141681,94.03179010013893,96.75,99.3,101.4669671282987,103.86,125.0,,,,,,118.6,163.65,,,,,,,,,,-1645.0,-1449.663242135271,,,,,0.045,0.0105,0.003,,,,,,,0.062,0.024,0.025,,,,,4552.950000000001,4842.5,5200.0,5805.0,5500.0,5415.5,5420.6,61550.0,63950.0,,,,3653.044483348943,3832.0,3802.0,4100.0,4092.97,4205.86,4200.0,49200.0,53161.0,,,,0.11449999999999999,0.11346368402873461,0.1165,,0.11,0.105,,,,
2021-03-01,0.039018731964261,0.034,0.03,0.029,0.0280274919814404,0.0268221007685287,0.025,0.431,0.367,,,,,,0.46,0.392864364163539,0.31,,,,,0.039,0.036,0.03,0.03,0.031,0.0289724457836906,0.027,0.455,0.3745,,,,,0.481361391768335,0.39,0.3205,,,,,,,,,,,,,,,,,,,,,,,,,,,,,0.3409,0.341003472222222,0.342,0.345,0.346159581404053,0.35,0.3555,,,,,,0.353,0.318,,,,,93.35,95.55,97.9,100.0,102.1,104.95,125.5796456866994,,,,,,115.0,160.0,,,,,,,,,,-1636.0,-1522.5,,,,,,0.019,0.003,0.003,,,,,,0.0665,0.025,0.0255,,,,,4825.0,5200.0,5871.5,5610.860710694558,5568.5,5510.0,5300.0,62427.5,64766.63817189727,,,,3830.0,3800.0,4100.0,4150.0,4207.0,4200.0,4313.0,49223.535,53407.535475,,,,,0.112,0.115285517212835,0.11,0.11,0.1045,,,,
2021-04-01,0.038,0.032,0.03,0.028,0.026,0.025011738614699,0.0257248059519524,0.433,0.368,,,,,,0.4725,0.3964,0.32,,,,,0.039,0.0344994958480507,0.031,0.031,0.029,0.0288735540792224,0.028,0.447,0.388,,,,,0.48931324835486,0.40387958999105,0.324,,,,,,,,,,,,,,,,,,,,,,,,,,,,,0.341,0.341,0.341103472222222,0.342,0.34225,0.3485,0.36,,,,,,0.35,0.344,,,,,94.78999999999999,97.0,99.015,101.1,103.4,105.7256328564839,126.6454607445169,,,,,,112.6383814150464,159.089378131357,,,,,,,,,,-1666.5,-1553.5,,,,,0.02235175316759,-0.0145,0.06,,,,,,,0.0640592068055764,0.025,0.0252250950401203,,,,,5512.858449017098,6000.666951959984,5688.934941909796,5665.702524530716,5599.5,5376.0,5280.0,63725.0,65877.5,,,,4180.0,4242.440000000001,4238.315014357546,4350.0,4341.394850229907,4313.0,4300.0,50400.0,54319.0,,,,0.112,0.117,0.111,,1.1,0.105,,,,
2021-05-01,0.03565,0.031,0.0295,0.028,0.0250058693073495,0.0265,0.0265462766004129,0.432638784788221,0.379,,,,,,0.4825,0.4,0.3445,,,,,0.038,0.033,0.0315,0.0295267911174808,0.028,0.0275,0.0285,0.45,0.3785,,,,,0.514,0.41,0.3265,,,,,,,,,,,,,,,,,,,,,,,,,,,,,0.341,0.341,0.34115,0.342,0.3445,0.34547566681115,0.354,,,,,,0.35,0.342,,,,,95.80935659473684,97.6,99.0670822855056,101.034914891849,103.4,105.763845,128.0,,,,,,110.2319225,155.7125748638144,,,,,,,,,,-1660.0,-1528.25,,,,,0.023,-0.0225079239063303,0.0512035183803977,,,,,,,0.06,0.0263671399805192,0.0254117512675039,,,,,6200.7168980342,6801.33390391997,5506.36988381959,5720.54433836687,5630.5,5242.0,5260.0,65022.5,66988.3618281027,,,,4530.0,4684.88,4376.63002871509,4550.0,4475.78970045981,4426.0,4287.0,51576.465,55230.464525,,,,0.112,0.1175,0.115,,0.11,0.105,,,,
2021-06-01,0.032,0.029,0.028,0.027,0.027,0.027,0.031,0.429,0.387480941437752,,,,,,0.48,0.42,0.35,,,,,0.034,0.032,0.0300858489007783,0.029,0.029,0.029,0.0327978537313731,0.439,0.38,,,,,0.515,0.416,0.328,,,,,,,,,,,,,,,,,,,,,,,,,,,,,0.341,0.341,0.341267398313492,0.3419,0.344,0.3482,0.35,,,,,,0.3482,0.34155,,,,,96.7,98.30482631578947,99.85889394536187,102.0,104.7,108.1,131.3351251162197,,,,,,108.1,156.0,,,,,,,,,,-1586.531587279546,-1554.0,,,,,,-0.025,0.005,0.00799211049327608,,,,,,0.06296192444274,0.025,0.0253998465683786,,,,,6888.57534705129,7602.00085587995,5323.80482572939,5775.38615220303,5661.5,5108.0,5240.0,66320.0,68099.2236562055,,,,4880.0,5127.32,4514.94504307264,4750.0,4610.18455068972,4539.0,4274.0,52752.93,56141.92905,,,,,0.11,0.107,0.1065,0.1065,0.1015,,,,
2021-07-01,0.03,0.027999999999999997,0.027000000000000003,0.027000000000000003,0.027999999999999997,0.031,0.032,0.43200000000000005,0.385,,,,,,0.4822240549213501,0.42,0.36,,,,,0.032,0.03,0.028999999999999998,0.028999999999999998,0.03,0.033,0.033,0.4474728778191057,0.3825,,,,,0.5188,0.42560000000000003,0.36,,,,,,,,,,,,,,,,,,,,,,,,,,,,,0.341,0.34102087053571417,0.3412673983134921,0.342,0.345,0.34700000000000003,0.34950000000000003,,,,,,0.345,0.341,,,,,97.55451452472525,99.00866251666223,100.5508011169288,103.2314567531175,107.1,111.0,133.0305617614716,,,,,,107.1,153.53,,,,,,,,,,-1545.0,-1554.423,,,,,-0.01505,0.005,0.005,,,,,,,0.068,0.024319954970047908,0.025,,,,,6094.5,5923.80728992866,5427.92495968382,5238.060747521983,5045.484298698562,4766.0,4938.188610591234,67274.35,69568.0,,,,4731.0,4561.5,4507.372893667838,4364.751778620415,4310.5,4077.0,4061.165208136968,55018.0,57419.35476661079,,,,0.109,0.107,0.107,,0.107,0.102,,,,
2021-08-01,0.027999999999999997,0.027000000000000003,0.027000000000000003,0.027999999999999997,0.031,0.033,0.032,0.43666122211181113,0.385,,,,,,0.484,0.431,0.3655606158969564,,,,,0.03,0.028999999999999998,0.02992413072046638,0.03,0.033,0.034,0.034,0.46349999999999986,0.39349999999999985,,,,,0.5195000000000001,0.4572821067153102,0.37450000000000006,,,,,,,,,,,,,,,,,,,,,,,,,,,,,0.3410347966269841,0.34119999999999995,0.342,0.345,0.3471823413683932,0.34812032474396193,0.3458,,,,,,0.345,0.34506061589695647,,,,,98.37078837184757,99.9,101.6,105.7498902179904,109.6,114.13,139.045,,,,,,105.7498902179904,154.4655771645509,,,,,,,,,,-1500.0,-1613.083948298911,,,,,-0.016,0.013000000000000001,0.006,,,,,,,0.07210352613997814,0.025,0.025,,,,,6081.126618296815,5591.815787369929,5414.899619391986,5104.861145350958,5014.171865702802,5088.322549405945,4992.29582854449,69384.5,70847.81235000001,,,,5000.0,4717.678386865207,4725.780622918781,4483.5,4300.5,4300.0,4084.0,57184.5,59301.0,,,,0.10800000000000001,0.10466666647742709,0.105,,0.105,0.1005,,,,
2021-09-01,0.027999999999999997,0.027999999999999997,0.02843000984367694,0.032,0.035,0.034,0.0365,0.456,0.386,,,,,,0.48200000000000004,0.46,0.371,,,,,0.029750000000000002,0.03,0.031,0.03497004221776156,0.035,0.03414779146121782,0.037000000000000005,0.489,0.397,,,,,0.5224725806756895,0.473005230190654,0.379,,,,,,,,,,,,,,,,,,,,,,,,,,,,,0.34119999999999995,0.3417,0.3436,0.34950000000000003,0.3565,0.353,0.34950000000000003,,,,,,0.3436,0.35,,,,,99.49258227894735,101.01,105.0,109.1512732571734,114.0,119.0,143.0,,,,,,105.0,155.86,,,,,,,,,,-1568.5775,-1800.0,,,,,,0.017,0.004818126722475,0.003644570155543425,,,,,,0.076,0.023,0.021,,,,,6300.0,5921.217259938606,5626.037480113637,5493.2,5206.72,5061.5,6006.0,73447.49535760979,75000.0,,,,5139.3,5000.0,4752.7,4480.5,4458.384302179604,4288.819629768001,5387.810343059077,59817.12382850786,63000.0,,,,,0.099,0.10099999999999999,0.1,0.10099999999999999,0.099,,,,
2021-10-01,0.032000000000002686,0.03,0.033,0.0355,0.035,0.03964409600095061,0.036000000000000004,0.4864434631015696,0.4007,,,,,,0.503,0.48854293636810026,0.3884568474309414,,,,,0.034,0.032,0.035,0.037000000000000005,0.036000000000000004,0.039,0.036000000000000004,0.508,0.406,,,,,0.536,0.503,0.3995,,,,,,,,,,,,,,,,,,,,,,,,,,,,,0.34165,0.345,0.35,0.3547499999999999,0.3565,0.3575,0.36,,,,,,0.345,0.3578,,,,,100.910208,105.05,109.5,114.7,118.75,123.2,149.02,,,,,,105.05,158.915261048309,,,,,,,,,,-1186.05,-1770.7,,,,,0.02643346014385505,0.006172617645951446,0.004,,,,,,,0.083,0.023,0.021,,,,,6356.690000000001,5801.428565679746,5493.0,5300.0,5137.771051783943,6006.0,6450.075000000001,75351.63638699142,75911.93510466807,,,,5405.200000000001,5195.867300373931,4824.391519598203,4683.0,4449.0,5388.0,5121.875468615619,61200.0,63965.3,,,,0.09850000000000002,0.1,0.1,,0.1,0.098,,,,
2021-11-01,0.031,0.034,0.037000000000000005,0.036784019325689,0.04,0.037000000000000005,0.035,0.523,0.41100000000000003,,,,,,0.5108850887496651,0.5205,0.408,0.0,,,,0.03201000084753495,0.03587469911018004,0.0378467807362538,0.03685,0.0395,0.038,0.03668557837204095,0.525,0.425,,,,,0.535,0.525,0.42,0.0,,,,,,,,,,,,,,,,,,,,,,,,,,,,0.345,0.35,0.36,0.3628,0.3625,0.369,0.363,,,,,,0.345,0.36450000000000005,0.0,,,,103.7,108.4463710223156,113.038189236905,117.45,122.35,126.7274034087607,154.505,,,,,,103.7,161.0,0.0,,,,,,,,,-1157.821862969361,-1819.0,0.0,,,,0.042,0.015,0.001,,,,,,,0.09699999999999999,0.025,0.021,0.0,,,,6095.812601114416,5614.351674575924,5460.0,5282.0,6006.0,6498.108501088854,7000.26489438753,76406.0,76137.9741644192,0.0,,,5200.0,5023.5,4712.643409838448,4525.0,5388.0,5140.0,5557.0,61464.39200000001,64680.5,0.0,,,0.098,0.098,0.1,,0.098,0.09699999999999999,0.0,,,
2021-12-01,0.034,0.0374,0.037000000000000005,0.04,0.04,0.03630373109174667,0.035,0.5477421420922597,0.434,,,,,,,0.5477421420922597,0.434,0.35,,,,0.036000000000000004,0.037000000000000005,0.038,0.04,0.04,0.0374,0.037000000000000005,0.5720000000000001,0.43,,,,,,0.5720000000000001,0.43,0.361,,,,,,,,,,,,,,,,,,,,,,,,,,,,0.345,0.359,0.37,0.37799999999999995,0.38,0.385,0.38,,,,,,,0.38,0.343,,,,106.195,110.6789575955145,115.0499648983912,121.0,126.0,130.3227149854053,163.7438682036352,,,,,,,163.7438682036352,229.18,,,,,,,,,,-1818.4,-2000.0,,,,,0.009000000000000001,0.00245,0.0005,,,,,,,0.028999999999999998,0.022000000000000002,0.022,,,,5770.241567999999,5309.0,5105.0,5932.335926625376,6420.840245691486,7020.380416540846,7119.745561453403,,76800.0,77000.0,,,5077.91009374341,4772.0,4535.5,5416.0,5163.096689035508,5607.611654476274,5840.479924299008,,64450.0,67500.0,,,,0.08301897722752653,0.0855,0.09,,0.087,0.085,,,
2022-01-01,0.038,0.0375,0.0405,0.04,0.036857995337859266,0.03567495200033144,0.035,0.5385,0.4434,,,,,,,0.55,0.45,0.35,,,,0.038,0.0385,0.04,0.039,0.03735,0.03637927925633537,0.03495133350227593,0.5579999999999999,0.45,,,,,,0.5730192643901857,0.45,0.353,,,,,,,,,,,,,,,,,,,,,,,,,,,,0.38,0.395,0.40299999999999997,0.405,0.40700000000000003,0.405,0.4,,,,,,,0.4,0.3775,,,,108.0,112.59,116.9,121.0,126.2,131.2,163.9321228521009,,,,,,,160.0,228.11,,,,,,,,,,-1782.611098157486,-1970.0,,,,0.013500000000000002,0.005,-0.0022,,,,,,,,0.029500000000000002,0.0215,0.0216,,,,5795.108362422085,5489.772606546358,6035.978784353621,6493.699655030865,7019.0,6930.298467534501,7001.49,,77047.3,77648.57152,,,4992.6,4709.585812345897,5557.605313020798,5292.422347830388,5721.5362415,5922.170651037461,5963.961145528535,,65899.8998156049,68106.0,,,0.083,0.087,0.09,,,0.086,0.085,,,
2022-02-01,0.039,0.04091006480119201,0.04,0.037000000000000005,0.03556164179740473,0.035,0.035,0.529,0.446,,,,,,,0.55,0.45,0.377,,,,0.039,0.04088183847582566,0.04,0.0395,0.037000000000000005,0.0365,0.03502109319841257,0.5479999999999999,0.445,,,,,,0.5660000000000001,0.457,0.3835,,,,,,,,,,,,,,,,,,,,,,,,,,,,0.405,0.41700000000000004,0.42,0.42,0.42,0.42,0.41,,,,,,,0.42,0.38,,,,110.13,114.6,119.15,123.8897596359214,128.0493413518754,132.880356513076,163.065,,,,,,,154.37,221.81,,,,,,,,,,-1790.0,-2018.0,,,,0.017,0.006999999999999999,-0.0033,,,,,,,,0.03,0.022000000000000002,0.0212,,,,5460.129017087349,6068.0,6637.5,7195.5,6984.204146491909,7092.48,7257.781596787036,,78188.12,79000.0,,,4928.864733820103,5679.456515754284,5387.684486009795,5793.084841795955,5964.22528462697,6088.704580028304,6036.85,,66372.25,69881.7,,,0.08350000000000002,0.0875,0.0891527077233076,,,0.086,0.085,,,
2022-03-01,0.05459099420578176,0.042699999999999995,0.038,0.03804531623201555,0.037000000000000005,0.036000000000000004,0.03612912648071608,0.5536578168058726,0.45799999999999996,,,,,,,0.5916436260185786,0.47450000000000003,0.40937417258194236,,,,0.052000000000000005,0.04373823365529926,0.04034277378390277,0.04,0.03755100038504964,0.037000000000000005,0.035,0.5660000000000001,0.4754504106838949,,,,,,0.5996043392648963,0.4975,0.41700000000000004,,,,,,,,,,,,,,,,,,,,,,,,,,,,0.4276,0.435,0.44,0.44,0.441,0.441,0.429,,,,,,,0.445,0.4,,,,113.6,118.09,122.8,127.6,132.05,137.3,168.0,,,,,,,154.0,222.0,,,,,,,,,,-1919.927117423836,-2240.0,,,,,0.006,-0.0042,0.001,,,,,,,0.031910939811463875,0.021,0.021,,,,6592.0,7223.34,7694.0,7464.404769682494,7560.205950030395,7508.170556343709,7153.794647600089,,82610.74999999999,83100.0,,,5882.0,5642.665275906766,5997.941622915583,6213.799553787955,6329.0,6358.264015493812,6042.70071097117,,70863.0,73242.0,,,,0.07595,0.08,0.08,,0.075,0.08,,,
2022-04-01,0.055999999999999994,0.0436,0.042,0.0389573525,0.037000000000000005,0.0371523832434022,0.035,0.5610828681483897,0.5,,,,,,,0.6509884819183026,0.505,0.43703116601648384,,,,0.055999999999999994,0.0446,0.04255031201828139,0.04,0.038,0.0362,0.035,0.5615,0.4928293643589762,,,,,,0.642,0.5138,0.4525,,,,,,,,,,,,,,,,,,,,,,,,,,,,0.45,0.45125,0.455,0.45564468085106374,0.45751145048459024,0.45584999999999987,0.44241549029377775,,,,,,,0.45799999999999996,0.4243649942904845,,,,118.3993250382041,123.31,128.0522603855206,132.7343462801703,137.8366747085819,143.2629362005557,176.7505454959752,,,,,,,155.0,226.0370735427645,,,,,,,,,,-2039.086925745557,-2413.498342093165,,,,0.012,-0.008,-0.005,,,,,,,,0.035,0.02,0.02,,,,7387.8646934457,7912.0,7608.988025470962,7570.95118952065,7621.0,7352.58504204683,6870.593338154555,,84563.91190838435,84000.0,,,5849.187964211264,6169.2,6264.0,6309.11,6330.0,6148.714451140861,5802.0,,72038.3794614742,73800.24326568644,,,0.075,0.079,0.078,,,0.077,0.079,,,
2022-05-01,0.05202833652631065,0.05,0.045,0.04,0.04002286393855048,0.03995,0.038,0.601,0.552,,,,,,,0.7262924234534522,0.6,0.47819969695147463,,,,0.055,0.05,0.046,0.04245,0.04,0.0393351833381869,0.03895,0.6214970940432961,0.5405,,,,,,0.72800581816945,0.586,0.4788,,,,,,,,,,,,,,,,,,,,,,,,,,,,0.47050000000000014,0.48,0.48,0.48,0.48,0.48092399999999996,0.46529746385997733,,,,,,,0.48092399999999996,0.4543491485518526,,,,122.8301761674108,128.1010609374663,133.5794850937926,139.0,145.0,150.1741242517461,186.85,,,,,,,157.9744736842106,238.0,,,,,,,,,,-2192.529302858416,-2600.0,,,,0.009406371549283365,-0.008994235335061714,-0.004000831381548274,,,,,,,,0.03276543940431864,0.02,0.02,,,,8187.799999999999,7920.085,7939.392811636708,7864.01,7483.285287937559,7058.821347264555,6736.539397212569,,86404.0,85475.0,,,6512.594,6680.965,6675.5,6549.0,6427.26,6014.024736349311,5855.091675116735,,75000.0,75333.65,,,0.075,0.0785,0.0778257465673904,,,0.076,0.07716676020769417,,,
2022-06-01,0.05211165885533475,0.04802307343011414,0.045,0.045,0.042,0.04153004542733374,0.04256066110049339,0.6875,0.6,,,,,,,0.7603386560036762,0.6459999999999999,0.502,,,,0.052750000000000005,0.05,0.046,0.04485495166602983,0.042735232426474014,0.043,0.04404999999999999,0.7125,0.6,,,,,,0.7685,0.652,0.5145000000000001,,,,,,,,,,,,,,,,,,,,,,,,,,,,0.508,0.52,0.5224,0.5223999999999999,0.527,0.5267499999999999,0.5078076923076923,,,,,,,0.5267499999999999,0.49,,,,128.225,133.6912107240383,139.9921195258815,145.911835,152.1792222778166,159.585,197.5,,,,,,,159.585,244.8800900032507,,,,,,,,,,-2330.952212212467,-2799.85,,,,,-0.0074,-0.005,0.0,,,,,,,0.032,0.017,0.02,,,,7897.998547330727,7923.0,7968.0,7646.0,7193.0,6800.0,6835.477323905889,,87722.2039005358,87122.47862499999,,,7421.0,6945.43982313558,6662.611789891444,6420.0,6074.241482572675,5939.368318250244,6000.0,,77549.85,76759.0,,,,0.075,0.0745,0.07400000000000001,,0.07400000000000001,0.07666676020769417,,,
2022-07-01,0.07496886377668521,0.06,0.055,0.05313100006785265,0.05,0.051,0.051,0.8370000000000001,0.7290000000000001,,,,,,,0.902,0.7655,0.6,,,,0.0749844318883426,0.061849999999999995,0.054000000000000006,0.052000000000000005,0.05115,0.051750000000000004,0.05164584775833024,0.8573551152202845,0.7440000000000001,,,,,,0.9050142115190613,0.7809999999999999,0.595,,,,,,,,,,,,,,,,,,,,,,,,,,,,0.579,0.6,0.6,0.6080020176411233,0.62,0.619205,0.6,,,,,,,0.62,0.6,,,,135.48602868395,143.55375,150.45,158.2129428241144,167.1599940744928,175.25,228.29,,,,,,,167.1599940744928,285.1,,,,,,,,,,-2353.019369176222,-3088.0,,,,0.005,-0.014188746027755111,-0.006999999999999999,,,,,,,,0.034,0.014499999999999999,0.02,,,,7988.6,8005.302462215185,7691.775,7236.720526991263,6885.87142704252,6765.0,5945.48285239575,,88322.0,88000.0,,,7210.692584055596,6932.646545208765,6461.3,6117.0,6226.591675116735,5874.773537664358,5653.618200989208,,79784.3,78718.13923615104,,,0.073,0.0755,0.075,,,0.075,0.0799,,,
2022-08-01,0.065,0.06028744010141827,0.057050000000000003,0.05532582966081916,0.0575,0.055,0.054000000000000006,0.9053,0.7240000000000001,,,,,,,0.95,0.8413283632409345,0.631,,,,0.06724999999999999,0.06,0.0578919347344041,0.055449999999999965,0.05899999999999997,0.05404000680314777,0.052000000000000005,0.8997328250364864,0.727,,,,,,0.9487590678258578,0.82115,0.6313793306285685,,,,,,,,,,,,,,,,,,,,,,,,,,,,0.65035,0.6675,0.6759999999999999,0.6759999999999999,0.6700136464181593,0.675,0.66,,,,,,,0.6759999999999999,0.659136690647482,,,,143.9760544275,152.6,161.3324631199936,170.1100453885104,181.44,190.045,249.5962933626429,,,,,,,170.1100453885104,298.8332885136065,,,,,,,,,,-2249.511694659878,-3400.0,,,,0.006999999999999999,-0.013999999999999999,-0.01,,,,,,,,0.036000000000000004,0.01,0.02,,,,7887.717457309727,7754.855,7366.52668229454,6877.87142704252,6757.256366229331,6102.257907163254,6219.45,,88524.61637625724,88719.3460267233,,,7413.732928205147,6701.0,6248.398966131155,6120.523559553168,6078.0,5733.529489573933,5696.665103268986,,81489.65,80563.43560399581,,,0.07150000000000001,0.0755,0.075,,,0.075,0.07945,,,
2022-09-01,0.067,0.06232754918467176,0.06,0.062,0.06,0.05865,0.06,0.9405000000000001,0.7265,,,,,,,1.003,0.9051089738884113,0.6679999999999999,,,,0.0667,0.06219218378007887,0.062,0.0655,0.059699999999999996,0.0592,0.06005,0.95,0.725,,,,,,0.992,0.9199,0.6549409793720125,,,,,,,,,,,,,,,,,,,,,,,,,,,,0.7,0.711,0.72,0.72435,0.72,0.7040000000000001,0.7,,,,,,,0.72,0.705812599990235,,,,152.71,162.6184513671497,173.125,184.0,193.45,203.19,269.2,,,,,,,173.125,310.38,,,,,,,,,,-2252.3,-3252.20825031124,,,,,-0.005,-0.011271379517576601,0.003,,,,,,,0.040999999999999995,0.01,0.01965577598299695,,,,9694.19694049679,7294.688002034263,6714.757560727401,6754.5,5993.389999999999,6156.996157547284,6922.796330823181,,89343.5,88000.0,,,7003.026731441661,6487.62487950606,6396.117627993637,6271.754172175948,5813.025,5772.474759082721,6657.727692032651,,83774.68604460533,81000.0,,,,0.073,0.0745,0.0765,,0.0745,0.077,,,
2022-10-01,0.06508331582768978,0.062,0.0639,0.06,0.059000000000000004,0.06,0.057999999999999996,0.98845,0.74524469727573,,,,,,,1.0,0.96025,0.696,,,,0.06380963497373271,0.062,0.0636,0.061,0.059000000000000004,0.06,0.0584,0.9961500000000001,0.7404893945514608,,,,,,0.97,0.965,0.6872,,,,,,,,,,,,,,,,,,,,,,,,,,,,0.7,0.714339970501475,0.71705,0.7148399705014747,0.7106964825304093,0.7055000000000001,0.7051436968762832,,,,,,,0.714339970501475,0.7138746621314308,,,,162.195,172.33,182.6588670267339,192.875,203.6731633871902,214.0954346032702,284.4,,,,,,,172.33,319.5,,,,,,,,,,-2242.638475260213,-3382.0,,,,0.007710941836301923,-0.012,0.002,0.002,,,,,,,0.0482570216337637,0.009000000000000001,0.019,,,,7502.972480142154,6825.0,6800.0,6067.713845518259,6183.504023368017,6962.5,7502.5,,88880.65859203538,87903.62562252296,,,6523.184058221468,6386.967398773795,6295.295326686591,5674.090585055468,5810.366530725005,6747.2605799369,6684.383890586645,,83666.32732286477,80346.2219770804,,,0.071,0.07200000000000001,0.076,,,0.07200000000000001,0.07624207438055607,,,
2022-11-01,0.061,0.06299999999999993,0.06,0.059000000000000004,0.062,0.061,0.059000000000000004,1.0070000000000001,0.76,,,,,,,0.99,0.997,0.75,,,,0.05941998639138867,0.060310486284374853,0.06,0.0588,0.061,0.05941998639138867,0.058899999999999994,0.9998202311365464,0.799074686576652,,,,,,0.9439336656510995,0.991,0.75,,,,,,,,,,,,,,,,,,,,,,,,,,,,0.6990999999999999,0.695,0.695,0.7,0.7,0.7,0.7062119570317847,,,,,,,0.6990999999999999,0.71485,,,,172.42,182.6565554729123,193.5964473684211,204.881447368421,215.4414473684211,227.375,301.5288111500372,,,,,,,172.42,320.3948626297106,,,,,,,,,,-2100.0,-3295.450243094958,,,,0.0168,-0.01,-0.002,-0.002,,,,,,,0.05312412025394031,0.007439160790674748,0.019,,,,7158.752680360722,7250.307415348145,6000.0,6062.727494589179,6863.817999999999,7500.0,7836.504396279643,,89383.77461491011,86608.0,,,6336.472895423839,6228.71203692332,5499.5,5516.545,6377.0,6507.149876966758,6924.190000000001,,83391.15857133234,80362.6,,,0.0705861743762238,0.07200000000000001,0.075,,,0.07200000000000001,0.076,,,
2022-12-01,0.055,0.05600000000000002,0.0571,0.062,0.06,0.058499999999999996,0.0582,0.98425,0.75,,,,,,,,0.98425,0.75,0.5105343286731798,,,0.055,0.055,0.05501438606807325,0.06,0.058499999999999996,0.057999999999999996,0.057,0.9469,0.7738900091127447,,,,,,,0.9469,0.7738900091127447,0.49729999999999996,,,,,,,,,,,,,,,,,,,,,,,,,,,0.6945,0.6939,0.695,0.695,0.695,0.695,0.698,,,,,,,,0.698,0.6088,,,182.85,193.0,203.9870331472557,213.9242117647058,225.2633903380591,237.3960086360551,328.3200000000001,,,,,,,,328.3200000000001,626.0,,,,,,,,,,-3287.482840955759,-3100.0,,,,-0.008,-0.00265,0.00014555840698748931,,,,,,,,0.004579269071844915,0.0144,0.024,,,7245.72669930797,6000.0,6026.205056873032,6656.824245254984,7391.940302725661,7850.0,7767.098538885887,,,84729.951,90000.0,,5950.0,5472.5,5490.486778917988,6421.583024707028,6446.078153385284,6844.0,7166.0,,,78618.6,80000.0,,,0.073,0.075,0.07400000000000001,,,0.075,0.0759,,
2023-01-01,0.055871734700505354,0.055,0.06016804047609325,0.057999999999999996,0.0574,0.0555,0.057,0.98495,0.7434000000000001,,,,,,,,0.9754999999999999,0.7958749990580226,0.5025,,,0.05401785714285712,0.054000000000000006,0.058600000000000006,0.056776236562630554,0.056299999999999996,0.056799999999999996,0.0565,0.95,0.759,,,,,,,0.955,0.7819198105619414,0.4901708992432354,,,,,,,,,,,,,,,,,,,,,,,,,,,0.693880625,0.6945,0.6945,0.6940000000000001,0.6940000000000001,0.695,0.72,,,,,,,,0.7040000000000001,0.645,,,192.2989954036963,203.0,213.48,224.5,235.7,248.0,357.96,,,,,,,,327.7460726211294,615.3108672665041,,,,,,,,,,-3157.251162602028,-3100.0,,,-0.0106,-0.004,0.0006432167763874563,,,,,,,,,0.005,0.01,0.02,,,5843.520275953138,5825.20070212766,6516.417135579342,7140.228193431158,7495.5,7405.935153870896,7258.65,,,80680.0,86518.007735,,5251.0,5365.427,6117.810561550154,6139.910620678069,6633.287472025615,6823.003860028692,6880.256121896126,,,75300.92277133428,78698.0,,0.073,0.075,0.075,,,,0.078,0.07755,,
2023-02-01,0.061,0.063,0.059000000000000004,0.057236741021744614,0.05635,0.057249999999999995,0.057999999999999996,1.03525,0.7308500000000001,,,,,,,,0.9984999999999999,0.8170000000000001,0.5375,,,0.06,0.06,0.0575,0.055999999999999994,0.055999999999999994,0.057,0.057064210513482774,0.9836500000000001,0.7564479620540948,,,,,,,0.975,0.879,0.5252291410000001,,,,,,,,,,,,,,,,,,,,,,,,,,,0.6995,0.7,0.7,0.7,0.7005,0.7025,0.7382,,,,,,,,0.72,0.6509999999999999,,,202.67,213.7875524761461,225.3,237.9006332634553,250.958661550306,264.6,409.0,,,,,,,,330.47,693.6099999999999,,,,,,,,,,-3198.0,-3019.823778606854,,,-0.01757731034121149,-0.008,-0.0013388472528540472,,,,,,,,,0.0,0.01,0.025,,,5544.216897873755,6267.23804993005,7032.986642132427,7301.288798598557,7327.088642086506,7155.968495307128,7005.5,,,80138.48879790452,85836.39,,5290.448489189446,6107.230561550155,6054.0,6555.58088228246,6943.947357092715,6942.822331292398,6790.741915299379,,,75044.825,77999.64724022354,,0.073,0.075,0.075,,,,0.0785,0.08,,
2023-03-01,0.07,0.06313782780315938,0.060700000000000004,0.06,0.06,0.061,0.062,1.1326,0.78,,,,,,,,1.1,0.9,0.546,,,0.0682,0.06309999999999999,0.061,0.06000000000000005,0.06000000000000005,0.0602,0.063,1.130502012373545,0.7762227574658002,,,,,,,1.09815,0.94245,0.5186999999999999,,,,,,,,,,,,,,,,,,,,,,,,,,,0.726,0.731,0.7349333333333334,0.7349333333333334,0.736875,0.736875,0.755,,,,,,,,0.7558,0.65,,,215.0,227.24,240.0,253.145,267.43,283.0880087323621,455.0,,,,,,,,346.232453,719.1322452883028,,,,,,,,,,-3800.0,-3100.0,,,,-0.008970564400691045,-0.0177,0.003,,,,,,,,-0.0265,0.0071071470741761456,0.03,,,5778.661028829461,6539.411968918295,6825.959600529994,6610.387610662046,6620.53051987033,6584.739966686195,6410.471996648883,,,74391.0,82200.89850517763,,5944.02665825775,5737.472380595931,6235.0,6400.25,6332.629648995106,6443.416377319096,6141.997616812909,,,71194.83153487122,76000.0,,,0.07,0.0738,0.076,,,0.075,0.076,,
2023-04-01,0.075,0.074,0.07,0.07,0.07,0.07,0.07,1.465,0.73,,,,,,,,1.264,1.075,0.555,,,0.075,0.075,0.071,0.07,0.07,0.07,0.069,1.422,0.736,,,,,,,1.27,1.06,0.535,,,,,,,,,,,,,,,,,,,,,,,,,,,0.86,0.8611,0.866,0.8737,0.8781,0.8806,0.865,,,,,,,,0.8875,0.695,,,232.29,249.29,267.5,286.2,306.66,327.39,616.5,,,,,,,,398.5,862.5,,,,,,,,,,-4016.0,-2786.5,,,-0.007,-0.019,0.0,,,,,,,,,-0.031,-0.002,0.025,,,6398.0,6603.0,6506.0,6272.0,6274.0,6157.0,6341.0,,,71956.0,81744.0,,5995.0,6307.0,6301.0,6232.0,6155.0,5895.0,5509.0,,,70529.0,73110.0,,0.071,0.073,0.075,,,,0.075,0.079,,
2023-05-01,0.09,0.08,0.07824999999999999,0.07933619205802829,0.0765585985855887,0.0795,0.07605,1.7109999999999999,0.7,,,,,,,,1.48875,1.057383462684745,0.5672,,,0.08788692196713091,0.079,0.079,0.0795,0.07853684551937556,0.07949999999999999,0.08005,1.7919999999999998,0.73,,,,,,,1.484697938888241,1.064,0.54825,,,,,,,,,,,,,,,,,,,,,,,,,,,0.932,0.94,0.95,0.951,0.96,0.96,0.9420000000000001,,,,,,,,0.97,0.75,,,248.11,266.1508054501251,288.84,309.23,332.17,355.8751845796182,659.5,,,,,,,,408.675,917.5350000000001,,,,,,,,,,-4500.0,-3500.0,,,0.008,-0.031,-0.008,,,,,,,,,-0.03,-0.002864477640629579,0.0265,,,6546.956083354883,6447.416585640944,6159.699212613628,6228.278485320665,6105.635542318711,6096.996512399606,5803.547605932273,,,70842.17829791577,82913.25680188306,,6104.803414249082,6229.231320276301,6140.43772315911,6118.274112975138,5868.914331030332,5512.608935064038,5378.520922452522,,,69290.99262173254,72958.08285824343,,0.07,0.07279999999999999,0.076,,,,0.075,0.078,,
2023-06-01,0.073,0.0759,0.075,0.0781,0.078,0.08,0.085,1.614241880677505,0.722,,,,,,,,1.4240000000000002,1.05,0.5479999999999999,,,0.0722,0.07507254505353818,0.076,0.0781,0.0781,0.079,0.087,1.6269999999999998,0.7047999999999999,,,,,,,1.41,1.038251577872798,0.535,,,,,,,,,,,,,,,,,,,,,,,,,,,0.925,0.93,0.93,0.9316499999999999,0.9331499999999999,0.9697999999999999,0.903,,,,,,,,0.9697999999999999,0.758,,,267.07,286.15,306.94,330.037426642078,353.525,407.55,690.925,,,,,,,,407.55,904.38,,,,,,,,,,-4354.689853102354,-3500.0,,,,-0.026000000000000002,-0.01389754367070039,-0.0115,,,,,,,,-0.03,-0.006140154925994592,0.026000000000000002,,,6367.610961084938,6230.534147209539,6153.245,6029.851350132369,6133.0,5655.757957843731,5329.29706680068,,,70394.0,84184.0,,6599.483106159976,6539.0,6225.5,5994.932390009462,5512.094011532883,5450.609936396691,5241.5,,,71526.26845524466,73878.0,,,0.07112107589028288,0.07400000000000001,0.07400000000000001,,,0.07400000000000001,0.077,,
2023-07-01,0.07,0.0791,0.07844999999999999,0.078,0.07971413696120146,0.08800000000000001,0.1065,1.54915,0.5988046957476458,,,,,,,,1.4069999999999998,1.067,0.5126032773936456,,,0.0704,0.078,0.07799789471118368,0.077,0.078,0.0883,0.11445,1.60015,0.6089468473321201,,,,,,,1.422,1.068,0.512675327093645,,,,,,,,,,,,,,,,,,,,,,,,,,,0.925,0.9259999999999999,0.93,0.9323,0.97,1.016954893751696,0.8454999999999999,,,,,,,,0.97,0.7,,,286.14,307.2,329.82,355.0,423.22,499.0974320211145,740.28,,,,,,,,423.22,912.97,,,,,,,,,,-4144.0,-3050.0,,,-0.02347286925538772,-0.01317789571296874,-0.012,,,,,,,,,-0.02799072666803647,-0.0075,0.028450000000000003,,,5957.664351048641,6246.806974276424,5935.212342279458,5955.428975577792,5516.485000000001,5285.904604350837,5500.0,,,69366.0,82891.1342249155,,6500.0,6151.075848001078,5730.0,5450.55,5242.0,4963.889265176733,5081.0,,,71656.50866431501,71152.7853437501,,0.07200000000000001,0.07400000000000001,0.073,,,,0.073,0.077,,
2023-08-01,0.11776876445312491,0.12,0.09111304227322059,0.09382055703268638,0.132,0.1425756867177126,0.1165,1.975,0.5894523281205748,,,,,,,,1.693,1.198,0.48,,,0.12,0.11869999999999999,0.09300000000000001,0.0958,0.13449999999999998,0.14905,0.11745,1.9714913045999198,0.5702562413570598,,,,,,,1.732,1.247,0.5,,,,,,,,,,,,,,,,,,,,,,,,,,,1.13,1.15,1.17882,1.244716494845361,1.25,1.24,0.813853092783505,,,,,,,,1.244716494845361,0.7,,,350.0,350.0296956238041,405.4681912629747,510.0062500000001,669.805272484966,738.01,913.301224481374,,,,,,,,510.0062500000001,1121.45,,,,,,,,,,-4488.0,-2500.0,,,-0.025,-0.015,-0.015,,,,,,,,,-0.02982546519775224,-0.006350178176020873,0.03,,,6115.277178840199,5963.022013482375,5971.5,5578.550977455514,5480.0,5574.9,5794.139173508425,,,68990.58584565658,83780.86263975938,,6101.0,5754.006786401108,5471.0,5241.887584718906,5000.0,5050.834991959549,4824.213100966774,,,72079.0,71690.7853437501,,0.07168779992775083,0.07400000000000001,0.07400000000000001,,,,0.07400000000000001,0.07799628414244746,,
2023-09-01,0.1167,0.095,0.10677015218838591,0.1400000000000001,0.15,0.12,0.09599408809892672,1.8586,0.5915,,,,,,,,1.807,1.354,0.52215,,,0.11956061709803009,0.0987,0.10619999999999999,0.1375,0.1498740672444859,0.1249,0.09865,1.9388427872092648,0.5753442593859697,,,,,,,1.8744999999999998,1.3388,0.5175,,,,,,,,,,,,,,,,,,,,,,,,,,,1.1405,1.165444357612265,1.254959751527137,1.2987,1.25,1.2,0.7712,,,,,,,,1.254959751527137,0.67,,,350.0087954545454,398.89,530.0,669.625,731.51,776.3199999999999,1074.76,,,,,,,,530.0,1300.315,,,,,,,,,,-5004.5,-3749.0,,,,-0.005,-0.02,-0.01,,,,,,,,-0.02844359149081466,-0.01225155635189129,0.03,,,6000.0,5957.528380808584,5558.453844406149,5340.0,5564.0,5690.349922556643,6553.5,,,68363.0,83558.0,,6000.0,5471.1,5216.0,4783.0,5243.0,4856.889872961203,5607.245,,,73204.0,72576.48649147215,,,0.069,0.07063269972521458,0.075,,,0.07063269972521458,0.075,,
2023-10-01,0.1000000000000001,0.115,0.1400000000000001,0.13852641504834579,0.12,0.1,0.0895,1.9559032205236269,0.7297,,,,,,,,1.8501161850423231,1.564306233920942,0.6485,,,0.10099999999999999,0.12,0.1425,0.15134999999999998,0.1199,0.1035,0.08905000000000002,2.0272,0.738297301004562,,,,,,,1.945,1.6078000000000001,0.6561954034765688,,,,,,,,,,,,,,,,,,,,,,,,,,,1.2875,1.3787,1.3941999999999999,1.369,1.29,1.2619,0.787,,,,,,,,1.3787,0.7249765037593984,,,381.8159783947439,526.4200000000001,638.8397852283701,688.165,753.3520851608196,811.8459778876102,1245.046845702273,,,,,,,,526.4200000000001,1375.01,,,,,,,,,,-5288.5,-4000.0,,,0.023,-0.02546462688664375,-0.013500000000000002,,,,,,,,,-0.02,-0.01644686269955286,0.025,,,5775.919759493276,5572.5,5379.5,5568.0,5758.118683931903,6472.0,7143.1,,,67992.0,83214.016,,5725.420838570682,5497.5,5000.681159306358,5233.840808739693,4970.0,5994.455421419968,5922.420190940041,,,74542.21028601719,73309.83732747482,,0.069,0.07,0.073,,,,0.07,0.075,,
2023-11-01,0.12,0.1714395290021448,0.18995,0.1515,0.1346405555717701,0.12,0.0933,2.26725417127477,0.6844,,,,,,,,1.892,1.9180000000000001,0.6,,,0.12345,0.17145,0.19699999999999998,0.151,0.1427,0.1108,0.0965,2.374,0.73015,,,,,,,2.001,1.963,0.6604000000000001,,,,,,,,,,,,,,,,,,,,,,,,,,,1.4353,1.496642387218045,1.495,1.495,1.2938,1.18,0.82,,,,,,,,1.4353,0.752,,,590.21,769.7310845203751,880.7414943968625,1009.222651806212,1108.0,1164.799963191216,1576.021863513793,,,,,,,,590.21,1661.35,,,,,,,,,,-5245.0,-928.855,,,0.028999999999999998,-0.02121076102590769,-0.02,,,,,,,,,-0.013999999999999999,-0.0236969782004171,0.0265,,,5431.953541857119,5392.593067115558,5728.5,5839.882858541916,6426.42,7200.0,7600.0,,,67355.3180786265,83999.86037625793,,5391.258916831855,4960.78793176321,5073.860801182601,4861.468637798266,5824.366475381754,5539.0,6135.430441356353,,,74335.66,72353.44,,0.068,0.07,0.075,,,,0.07,0.075,,
2023-12-01,0.27,0.25,0.182,0.15,0.12,0.1,0.083,2.129958012909038,0.639,,,,,,,,,2.129958012909038,0.639,0.35,,0.28,0.2529,0.1821,0.1485906986473109,0.1235,0.1094201935313559,0.09789999999999999,2.4337999999999997,0.6373,,,,,,,,2.4337999999999997,0.6373,0.3042878646222023,,,,,,,,,,,,,,,,,,,,,,,,,,1.083,1.089,1.0918,1.067,1.0,0.9,0.65,,,,,,,,,0.65,0.4207,,820.2567,870.0,995.435,1100.0,1186.596043116956,1296.694843498741,1699.965,,,,,,,,,1699.965,2517.6,,,,,,,,,,666.3580759012401,7162.5,,,-0.014199999999999999,-0.02941638740625645,-0.004,,,,,,,,,-0.026000000000000002,0.023,0.023,,5211.067020610972,5628.003525708291,5803.301738113711,6536.982189044574,7356.16750558509,7700.0,7600.0,,,,83952.0,88009.7360245659,4961.0,4906.397903015083,4762.0,5370.96402697289,5539.0,6135.0,6150.0,,,,69372.14342479565,75222.0,,0.066,0.075,0.07400000000000001,,,,0.07400000000000001,0.07400000000000001,
2024-01-01,0.2192382834705828,0.18,0.153,0.13,0.1,0.0823,0.08,1.8319999999999999,0.58,,,,,,,,,2.27,0.5893510360282798,0.3045874013270078,,0.22899999999999998,0.1818,0.1548002908787268,0.1278196518372007,0.10585000000000001,0.08567100214220462,0.07946115758401215,1.8545461260333789,0.5600228506610577,,,,,,,,2.3175,0.5695764928780578,0.2591,,,,,,,,,,,,,,,,,,,,,,,,,,1.09,1.091,1.09,1.065,0.9695,0.9394292200854701,0.65,,,,,,,,,0.6903999999999999,0.45,,839.65,909.0,1080.0,1173.3246252,1258.25,1327.81181148064,1770.0,,,,,,,,,1700.59525056685,2650.0,,,,,,,,,,881.061247457254,10000.0,,-0.0137,-0.03308408340949942,-0.003,,,,,,,,,,-0.03,0.0278,0.025,,5530.0,5600.0,6495.1116387084485,7270.0,7700.0,7500.0,7562.0,,,,82875.0,86827.0,4562.8,4496.219167644022,5356.0,5180.0,5969.175219575279,5970.638051360945,6113.326181062961,,,,66911.5,73773.72050167018,0.0635,0.0765,0.075,,,,,0.078,0.076,
2024-02-01,0.1577483419357725,0.1468194306708216,0.12026466592324081,0.1017957728342143,0.08772103638064492,0.07942944821147689,0.07013968496987427,1.474358816752676,0.5446742735050115,,,,,,,,,2.141062725978802,0.5864344102160506,0.32420309478583986,,0.14861075593731232,0.136415705874155,0.11723901132188001,0.1036622833714852,0.08916100190826723,0.08073683521356195,0.07056493782208988,1.4567381959889079,0.5458969666165941,,,,,,,,2.0993239329917173,0.5751361488026907,0.3129204650014954,,,,,,,,,,,,,,,,,,,,,,,,,,1.098479858049278,1.079523438444329,1.043914923738446,0.9732047837264077,0.9261192802044915,0.8774411663453117,0.6415171383226845,,,,,,,,,0.7343185069141207,0.4485203383857108,,860.0,927.81,1010.555,1111.525109213479,1191.55,1273.855764315231,1805.66,,,,,,,,,1610.51,2499.247365947584,,,,,,,,,,786.0,12770.0,,-0.02073590893041373,-0.03690130021583109,-5.847670860480429e-05,,,,,,,,,,-0.036548897135437304,0.03221235151311864,0.024369526273582052,,5603.24388750729,6467.0,7255.581132488516,7670.0,7401.053095835481,7513.0,7451.600454897878,,,,81613.14,86677.5,4500.0,5416.86,5291.75,5950.0,5981.07,6164.99,6195.0,,,,66821.69996911698,73111.0,0.06582817640744583,0.07813396866228946,0.07874128473031544,,,,,0.08239262261257654,0.07973448640660158,
2024-03-01,0.125,0.1075,0.09,0.08009090909090899,0.0783,0.069,0.062,1.2,0.48950000000000005,,,,,,,,,1.893512145979523,0.5529999999999999,0.2898482251984108,,0.1125,0.1,0.09,0.0793,0.07429999999999999,0.069,0.06,1.1234,0.469,,,,,,,,1.79,0.53,0.255,,,,,,,,,,,,,,,,,,,,,,,,,,0.7190000000000001,0.7095999999999999,0.69,0.67,0.65,0.62,0.55,,,,,,,,,0.6,0.4,,876.2769000000001,930.0,1003.3,1088.1,1164.3,1239.301588293127,1628.0,,,,,,,,,1438.3,2347.002334439813,,,,,,,,,,4923.769717729492,11344.8,,,-0.03765,-0.0013695643812708929,0.006322259136212646,,,,,,,,,-0.03501483378455537,0.03001631549097095,0.02475,,6426.0,7158.788630056904,7600.0,7307.0,7486.434711931106,7372.0,7049.0,,,,80842.26201679674,86181.0,5087.0,5026.207014324996,5650.0,5754.0,5921.0,6037.0,5860.208079811919,,,,65162.16561497182,72372.0,,0.0713,0.075,0.07400000000000001,,,,0.075,0.07300000000000001,
2024-04-01,0.09,0.075,0.0678,0.063,0.06,0.05754908002153426,0.05210996358043192,0.88,0.41168141436826633,,,,,,,,,1.6134664726304662,0.48943379669419224,0.25646178965073263,,0.0725,0.064,0.06,0.055999999999999994,0.05611542912504941,0.051108806198361355,0.049642607040365314,0.813,0.38,,,,,,,,1.450986008933229,0.452,0.23,,,,,,,,,,,,,,,,,,,,,,,,,,0.505,0.461,0.4575,0.4601000000000001,0.43621875000000004,0.42412916666666667,0.38,,,,,,,,,0.4,0.34,,886.64,916.49,975.0,1045.11356499787,1103.515,1153.684490466236,1526.0,,,,,,,,,1300.0,1893.3,,,,,,,,,,4420.0,11068.5,,-0.034,0.0,0.0055000000000000005,,,,,,,,,,-0.035,0.033719947649689656,0.02565,,6988.606059232611,7450.0,7200.0,7196.757816148095,7189.0,6845.346480675094,6683.312633393615,,,,78966.0,85432.0,4796.508026350759,5550.0,5700.0,5770.0,5750.0,5814.392168373774,5587.544779345436,,,,62897.0,70255.90000000001,0.07,0.075,0.075,,,,,0.0755,0.07400000000000001,
2024-05-01,0.0519,0.054700000000000006,0.0548,0.05199999999999999,0.0525,0.04625,0.04474174785420862,0.68875,0.386,,,,,,,,,1.4638999999999998,0.5,0.2651,,0.05,0.04775,0.05,0.04769999999999999,0.04699999999999999,0.04377909187019477,0.04402121655926248,0.6555000000000001,0.3812,,,,,,,,1.2755,0.489,0.23399999999999999,,,,,,,,,,,,,,,,,,,,,,,,,,0.32,0.3175,0.3175,0.303,0.3,0.3,0.27,,,,,,,,,0.3,0.25,,904.3297198618915,923.0607853409091,951.86,1004.61,1042.61,1095.94,1429.272147591688,,,,,,,,,1174.701247930861,1760.0,,,,,,,,,,4447.0,10612.0,,-0.0301,-0.003,0.005289866804477628,,,,,,,,,,-0.038,0.034,0.025,,7243.059381687492,7035.1,7112.331512318869,6947.991233759254,6794.993497590981,6637.885,6084.405568260776,,,,77904.0,84045.44968643534,5239.346232176586,5713.769476714233,5622.80239296561,5673.225,5520.01,5430.77,5291.5,,,,61517.05,69503.5,0.07400000000000001,0.076,0.075,,,,,0.075,0.073,
2024-06-01,0.052000000000000005,0.04825,0.04745,0.04625,0.044823268170853275,0.044349999999999994,0.044339507443736645,0.6325,0.36160569889052296,,,,,,,,,1.380799814801998,0.4802121644670391,0.2528,,0.03743999999999999,0.04147146868848086,0.0415,0.04174150915960237,0.040170600661107406,0.041299999999999996,0.0425,0.6107,0.32799999999999996,,,,,,,,1.186722624012025,0.47362576567667924,0.23,,,,,,,,,,,,,,,,,,,,,,,,,,0.33375,0.33990000000000004,0.33990000000000004,0.33990000000000004,0.33340000000000003,0.33990000000000004,0.29345,,,,,,,,,0.33990000000000004,0.255,,922.73076,945.77,985.0,1045.0,1094.0,1173.788218877028,1428.99,,,,,,,,,1173.788218877028,1755.0,,,,,,,,,,6076.191327412193,10717.77631593196,,,-0.005,0.005,0.008,,,,,,,,,-0.036530099489155636,0.03247015133128576,0.02565,,7024.75,7071.654239407348,7008.781287676857,6835.0,6530.036998547823,6172.5,6116.164179045953,,,,78098.5,83774.94968643534,5445.287321774726,5417.406616901211,5515.0,5413.63,5262.5,5251.24091485655,4922.0,,,,60132.715,67894.15627576734,,0.079,0.0784,0.0805,,,,0.0805,0.07751591302367052,
2024-07-01,0.039,0.038,0.0369184095269622,0.03815,0.0395,0.038,0.0364144874264248,0.537,0.3025,,,,,,,,,1.27405,0.4130863883,0.25,,0.0358,0.0335,0.033,0.034,0.0351,0.0325,0.034,0.475,0.2595,,,,,,,,1.0862161508923,0.3801,0.2113,,,,,,,,,,,,,,,,,,,,,,,,,,0.37496250000000003,0.3761625,0.376,0.375,0.3787,0.3766666666666666,0.32049999999999995,,,,,,,,,0.3787,0.27,,942.47,961.3904,986.9249,1029.7,1088.245,1166.885,1405.4,,,,,,,,,1088.245,1624.8,,,,,,,,,,7384.0,10808.79965858167,,-0.0003303165446352785,0.003562719946464399,0.005,,,,,,,,,,-0.03651094826924732,0.031652959614874174,0.03,,6881.575,6799.164030938426,6663.478120396743,6475.133537562062,6097.73175647997,6129.74457488906,5734.42,,,,77193.98810628348,81912.5,5212.411569314594,5286.115664602366,5200.0,5083.568875272499,5012.5,4807.974401628289,4702.405000000001,,,,58511.65,64794.1,0.079,0.0789,0.08055854999999999,,,,,0.08055854999999999,0.076,
2024-08-01,0.03875,0.035,0.035,0.033,0.036000000000000004,0.0335,0.034,0.447,0.2723,,,,,,,,,1.22875,0.38409999999999994,0.25,,0.035,0.032,0.032,0.03061554571919611,0.031,0.032,0.030299999999999997,0.41759999999999997,0.25415,,,,,,,,1.06,0.3519,0.18128965302326228,,,,,,,,,,,,,,,,,,,,,,,,,,0.38500000000000006,0.39,0.39,0.39,0.38125,0.3825,0.313,,,,,,,,,0.39,0.2825,,961.9266573099753,982.23,1002.325,1025.385,1089.8,1136.991543497528,1387.865,,,,,,,,,1025.385,1514.615,,,,,,,,,,7829.17212006229,11115.0,,-0.01670047528959673,0.009000000000000001,0.008687121964233269,,,,,,,,,,-0.038,0.035,0.027000000000000003,,6942.716712422561,6715.185637372935,6549.0,6106.764999999999,6237.5,5775.860000000001,5742.0,,,,77857.0,82371.0,5471.246374483193,5401.35,5180.0,5032.673698639554,4815.778164859314,4944.875238918291,4645.0,,,,59163.33728410528,66661.50676589496,0.0795,0.0785,0.081,,,,,0.081,0.077,
2024-09-01,0.0351763292771731,0.03405,0.0325,0.036,0.034,0.033,0.03,0.409383399295933,0.25,,,,,,,,,1.23645,0.35,0.212687236271661,,0.034,0.0312,0.031,0.03355,0.032,0.03015,0.02905,0.394,0.22165,,,,,,,,1.07485,0.335155199739322,0.187882723831324,,,,,,,,,,,,,,,,,,,,,,,,,,0.39705,0.39455,0.39,0.39,0.389493330348236,0.38185,0.32635,,,,,,,,,0.39,0.3,,981.6,1001.1,1021.466993171855,1051.13,1086.0,1112.6,1279.2,,,,,,,,,1021.466993171855,1439.5,,,,,,,,,,8689.802462241969,12859.5,,,0.0159728423100006,0.00935,0.011,,,,,,,,,-0.038,0.0352200173624444,0.03,,6564.15484675378,6435.83,6059.910000000001,6100.0,5697.42,5741.165000000001,6565.959127706521,,,,77609.94298544005,81835.0,5362.0,5130.584044737428,5123.17764342397,4891.0,4884.966789783246,4610.794484486931,5225.0,,,,58651.0,66019.69,,0.078,0.08,0.0792011757533899,,,,0.08,0.075,
2024-10-01,0.03,0.029,0.0315,0.03,0.028,0.028,0.0261098077147856,0.349614249119509,0.22,,,,,,,,,1.2,0.314,0.2,,0.029,0.02795,0.0298242093224626,0.02855,0.0260154459433755,0.0264146761875485,0.0248,0.318179889504549,0.209,,,,,,,,1.05096668302399,0.293723818542614,0.1797,,,,,,,,,,,,,,,,,,,,,,,,,,0.4,0.4,0.396,0.3895,0.3819,0.36,0.312891962915905,,,,,,,,,0.4,0.29,,1001.095,1021.0,1042.6,1064.035850488505,1085.481669893186,1106.055417402451,1245.0,,,,,,,,,1021.0,1294.72,,,,,,,,,,9013.78296010554,12545.20111974061,,0.02,0.0094,0.01,,,,,,,,,,-0.0360753224635711,0.0357200173624444,0.0304999303336872,,6600.0,6159.910000000001,6134.039164253619,5776.15,5786.198751419105,6566.0,6911.0,,,,77864.0,81958.675,5600.0,5300.0,5000.0,5018.480498812703,4717.579588926421,5225.0,5343.858581771306,,,,60007.0,66923.8686119148,0.078,0.08,0.0791005878766949,,,,,0.08,0.075,
2024-11-01,0.028,0.029,0.027,0.0241470390775312,0.025,0.023,0.02085,0.294,0.1925,,,,,,,,,1.188,0.281,0.18,,0.027,0.0273034707771751,0.0252,0.0239,0.0242,0.0221524842959806,0.02,0.27925,0.184,,,,,,,,1.04302218480719,0.267988614696815,0.157909608352213,,,,,,,,,,,,,,,,,,,,,,,,,,0.3584,0.35,0.3415,0.3285,0.315490625,0.30365,0.2553,,,,,,,,,0.3584,0.25,,1021.383986343709,1041.6,1061.72,1082.0,1102.964630336727,1122.180420188166,1228.948553896055,,,,,,,,,1021.383986343709,1249.541391102248,,,,,,,,,,9050.9,12000.0,,0.033905779274223,0.00635,0.01,,,,,,,,,,-0.03,0.0416080255372516,0.0308059809363099,,6200.0,6224.901178643474,5809.971887205807,5866.1,6620.0,7020.0,7655.0,,,,78740.0,83050.95181744815,5500.0,5149.0,5168.875370527418,4845.244787165326,5400.0,5413.805986724,5926.0,,,,60847.32681256,67899.0,0.078,0.0795,0.078,,,,,0.0795,0.075,
2024-12-01,0.027000000000000003,0.025,0.023,0.02305,0.02046608766317648,0.019,0.01821494428653735,0.259,0.153,,,,,,,,,1.178,0.259,0.153,0.1,0.026000000000000002,0.0241,0.0219,0.021,0.0194,0.01844253794597571,0.01797447804206711,0.248,0.15,,,,,,,,1.043,0.248,0.15,0.095,,,,,,,,,,,,,,,,,,,,,,,,,0.34,0.3169,0.301,0.295,0.28,0.27699999999999997,0.25,,,,,,,,,,0.25,0.1687,1041.9,1057.61,1070.7,1084.733760438646,1097.5,1111.0,1205.470460206971,,,,,,,,,,1205.470460206971,1382.2,,,,,,,,,,11153.2,14175.0,,0.00933065469468236,0.01,0.01,,,,,,,,,,0.045,0.037,0.03,6267.60672152229,5780.075955042362,5779.805596681139,6566.0,6984.0,7646.518350253468,7243.159428992861,,,,82817.94,89000.0,5149.0,5184.0,4879.614811970756,5466.966170850433,5350.0,5872.0,5914.32,,,,67448.81,73059.9,0.072,0.076,0.073,,,,,0.072,0.07,0.07
2025-01-01,0.023,0.021,0.02,0.0185,0.018,0.0168712414215326,0.0155702956120107,0.218664700814638,0.138298767763203,,,,,,,,,,0.232,0.15,0.094,0.0241573731527425,0.0214377015086497,0.02,0.0186326901762042,0.0172,0.016,0.015,0.219942487907546,0.1465,,,,,,,,,0.2296,0.1495,0.093,,,,,,,,,,,,,,,,,,,,,,,,,0.3055,0.3,0.285741097817408,0.27,0.268603064516129,0.26,0.228,,,,,,,,,,0.24,0.1515,1054.479914944366,1065.779844715641,1077.5,1089.808644436377,1101.390836848579,1112.407795217065,1215.1,,,,,,,,,,1200.5,1354.94,,,,,,,,,,11649.77602108753,13985.0,0.0162,0.01,0.01,,,,,,,,,,,0.046,0.0365,0.03,5915.0,5978.377837642539,6800.0,7117.0,7930.395639415261,7250.0,7499.83971293401,,,,83126.0,89363.33809681208,5228.094859871824,4980.133435619136,5625.0,5593.624952736462,6055.036945844841,6000.0,6299.851165768957,,,,69100.0,75081.5,0.07,0.0736,0.072,,,,,,0.068,0.065
2025-02-01,0.023,0.0217,0.019,0.0170526274297782,0.017,0.016,0.015,0.221926732245412,0.133,,,,,,,,,,0.232630471643656,0.1525,0.097,0.0232482538220439,0.02015,0.0182502529144896,0.0171089571285488,0.016,0.015,0.01495,0.217558745042304,0.133341174392088,,,,,,,,,0.230638775405359,0.14955,0.095,,,,,,,,,,,,,,,,,,,,,,,,,0.2965,0.2815,0.27,0.2639,0.2594,0.25275,0.226,,,,,,,,,,0.2395,0.15,1068.896991264019,1079.862467133776,1090.815,1101.76,1112.68,1123.59243507789,1287.1,,,,,,,,,,1175.1,1380.0,,,,,,,,,,12052.5,13992.5,0.013,0.0107984383403212,0.00885,,,,,,,,,,,0.048,0.035,0.03,5960.171493353017,6705.92869471386,7115.295914627201,7733.5,7225.29349245397,7411.5,7366.036336143261,,,,83876.88873123714,89092.0,5170.0,5729.5,5768.236535620538,6256.974778167474,6073.052404957085,6351.605,6196.44371198626,,,,71732.61506588403,77185.89378221818,0.0695,0.073,0.072,,,,,,0.0675836030057718,0.065
2025-03-01,0.0255,0.022,0.0195182406887726,0.018,0.017,0.016,0.0156216518407969,0.245068853412782,0.13305,,,,,,,,,,0.275,0.1675,0.1,0.0255,0.022,0.0188414108374246,0.0171847597825461,0.0169565912824648,0.0159108155594268,0.0143,0.244398332894182,0.129753608254521,,,,,,,,,0.283,0.16,0.094,,,,,,,,,,,,,,,,,,,,,,,,,0.3024,0.3,0.29,0.2845,0.271,0.265,0.2336,,,,,,,,,,0.2405,0.1624,1080.0,1091.0,1102.11,1113.13,1124.26,1135.5,1313.0,,,,,,,,,,1253.0,1432.9,,,,,,,,,,12000.0,14358.5209,,0.015,0.00615,0.008,,,,,,,,,,0.05,0.035,0.03,6733.615425207458,7155.0,7837.461076306487,7230.480830581511,7438.261622518867,7343.5,7237.744813759598,,,,83269.2210229316,89303.84354247636,5876.217161308919,5938.914941628051,6306.847948142894,6167.614026406402,6416.563575245214,6201.94371198626,6384.069838201982,,,,72934.11865248161,78092.0745984353,,0.07,0.069,0.0650829729059331,,,,,0.065,0.063
2025-04-01,0.0315564329541229,0.0277350330840809,0.0224887999591783,0.02,0.018397657573531,0.02,0.0183989096582628,0.263,0.144055894508721,,,,,,,,,,0.3175,0.18,0.1,0.031,0.0264,0.023,0.0204,0.0184,0.0183079230618297,0.018,0.243694405042675,0.130342392694114,,,,,,,,,0.307,0.162,0.097,,,,,,,,,,,,,,,,,,,,,,,,,0.341,0.33,0.32,0.3065,0.294034510370405,0.281,0.24,,,,,,,,,,0.27,0.1851385,1170.596875,1179.21213089037,1199.24,1225.381692775858,1251.355,1281.752515400184,1379.0,,,,,,,,,,1322.2,1480.95,,,,,,,,,,13031.31814243672,15035.33710903207,,0.017,0.004,0.0064,,,,,,,,,,0.051,0.035,0.03,6919.571171774966,7679.047695841406,7166.884496113957,7349.620413389774,7284.410186085282,7165.0,7188.430804554196,,,,82810.44108074522,88277.0,5907.083360963035,6259.0,6192.482081488237,6594.669000983978,6198.148730508441,6398.5,6404.846420401194,,,,72999.5,77983.13300437998,,0.07,0.069,0.06525,,,,,0.065,0.0624948544097228
2025-05-01,0.0208665010582016,0.0186076258310183,0.0181,0.017,0.017,0.0169030968597783,0.016,0.209415094405115,0.135780256446537,,,,,,,,,,0.285649503786901,0.16,0.1,0.022,0.019,0.019,0.018,0.0175238046296144,0.017,0.016,0.216250640334076,0.1285,,,,,,,,,0.3,0.16,0.0932,,,,,,,,,,,,,,,,,,,,,,,,,0.3303125,0.320892973785055,0.308173064174668,0.2984,0.29,0.28,0.23,,,,,,,,,,0.27054294,0.19071313090198,1167.46935199956,1181.5,1205.255,1230.372887396046,1259.26,1277.775694383673,1392.028129663227,,,,,,,,,,1300.0,1512.006499909502,,,,,,,,,,13427.47975769295,15580.56706214408,,0.015,0.00220152535339024,0.007,,,,,,,,,,0.052,0.0353694305741334,0.031,7600.0,7105.284124494051,7308.0,7237.788469005934,7137.223163326647,7109.8207176741,6765.511942587591,,,,82761.0,88000.0,6589.1583729228,6379.0,6690.0,6494.0,6460.0,6581.980005735928,6100.0,,,,75000.0,80005.0,,0.0695,0.06825,0.065,,,,,0.065,0.062
2025-06-01,0.018,0.0171827925240704,0.016,0.0166,0.017,0.0152231335037618,0.017,0.2075,0.134093950220731,,,,,,,,,,0.27,0.161593087358533,0.09765,0.0193075429280358,0.018,0.0170660828905106,0.01645,0.016630987697696,0.016016303289822,0.0178,0.210822190566818,0.1265,,,,,,,,,0.292484389942347,0.165004282071273,0.103631503381549,,,,,,,,,,,,,,,,,,,,,,,,,0.33,0.319,0.30695,0.3,0.29,0.2799,0.242372,,,,,,,,,,0.2799,0.196,1207.0,1229.0,1248.7,1271.6,1296.0,1324.0,1419.8,,,,,,,,,,1324.0,1549.774603028404,,,,,,,,,,13500.85964173272,15608.79737228718,,0.004,0.0074,0.006,,,,,,,,,,0.05,0.035,0.033,7043.491251606001,7286.10341669544,7180.0,7073.034457967718,7097.299903458566,6685.228719059754,6778.595365705905,,,,81540.68331088602,87578.11727960123,6428.788554630436,6699.527838569812,6490.0,6566.458161122098,6545.0,6162.0,5980.0,,,,75407.50218122576,80348.44623703285,,0.0743487811195884,0.0715042775881536,0.0699242785361433,,,,,0.0699242785361433,0.0666740843222328
2025-07-01,0.018,0.0171924220240471,0.017,0.017,0.0152353483797916,0.017,0.0158948792574199,0.211,0.1174,,,,,,,,,,0.273,0.165,0.1012,0.0182360597291138,0.018,0.0174,0.017,0.0169409008300781,0.017,0.015,0.205755252992997,0.11725,,,,,,,,,0.294555701375788,0.16437404024369,0.103456467397375,,,,,,,,,,,,,,,,,,,,,,,,,0.348465999557043,0.33,0.3195,0.3055,0.294859586956522,0.29,0.2451,,,,,,,,,,0.294859586956522,0.2047,1315.0,1339.6,1360.975328227376,1392.7,1405.0,1420.094856865599,1522.0,,,,,,,,,,1405.0,1621.6,,,,,,,,,,13561.26287866175,15600.78461414345,,0.8,0.4717043967413956,0.5670667110223568,,,,,,,,,,0.05,0.0338069296015765,0.0326027623916554,7326.802802182345,7182.176722342074,7103.176045641161,7064.347279652533,6654.830750198168,6780.0,6215.0,,,,81622.3051869646,87700.0,6604.941532606419,6469.880135994384,6487.591569565244,6502.5,6180.549886543912,5959.039816564707,6002.5,,,,75115.0,80285.0,,0.0760336829980197,0.0737908319834127,0.07,,,,,0.07,0.069
